video_id,video_name,ball,segment_id,release_frame,batter_keypoints_path,trigger_detected,predicted_trigger_frames,trigger_start_frame,trigger_end_frame,trigger_confidence,trigger_decision_reason,status
5a6ce153-df78-40af-93e5-405f760e711d,5a6ce153-df78-40af-93e5-405f760e711d_1.mp4,1,678fb81e-9c25-4dfc-819b-f54dca2a273b,82,trigger_detection/data/batsman_keypoints/678fb81e-9c25-4dfc-819b-f54dca2a273b_batter_keypoints.csv,True,"[67, 68, 69, 70, 71, 72, 73, 74, 75, 76, 77, 78]",67.0,78.0,5.5124127510047325,actual_trigger,processed
5a6ce153-df78-40af-93e5-405f760e711d,5a6ce153-df78-40af-93e5-405f760e711d_10.mp4,10,2303ae07-9b14-4c12-ba8b-45a670edf472,79,trigger_detection/data/batsman_keypoints/2303ae07-9b14-4c12-ba8b-45a670edf472_batter_keypoints.csv,True,"[61, 62, 63, 64, 65, 66, 67, 68, 69, 70, 71, 72]",61.0,72.0,5.998860925237358,actual_trigger,processed
5a6ce153-df78-40af-93e5-405f760e711d,5a6ce153-df78-40af-93e5-405f760e711d_11.mp4,11,a8ffe607-87da-49ed-9cc1-c65e4c3f2cc5,86,trigger_detection/data/batsman_keypoints/a8ffe607-87da-49ed-9cc1-c65e4c3f2cc5_batter_keypoints.csv,True,"[74, 75, 76, 77, 78, 79, 80, 81, 82, 83, 84, 85]",74.0,85.0,11.570195694822305,actual_trigger,processed
5a6ce153-df78-40af-93e5-405f760e711d,5a6ce153-df78-40af-93e5-405f760e711d_13.mp4,13,2c8673e1-d2aa-46ab-b0bb-da96ed87c459,93,trigger_detection/data/batsman_keypoints/2c8673e1-d2aa-46ab-b0bb-da96ed87c459_batter_keypoints.csv,True,"[82, 83, 84, 85, 86, 87, 88, 89, 90, 91, 92, 93]",82.0,93.0,30.668989642067984,actual_trigger,processed
5a6ce153-df78-40af-93e5-405f760e711d,5a6ce153-df78-40af-93e5-405f760e711d_15.mp4,15,f19386c8-d39e-4271-8131-d515fbb7e203,85,trigger_detection/data/batsman_keypoints/f19386c8-d39e-4271-8131-d515fbb7e203_batter_keypoints.csv,True,"[64, 65, 66, 67, 68, 69, 70, 71, 72, 73, 74, 75]",64.0,75.0,2.825291387338625,actual_trigger,processed
5a6ce153-df78-40af-93e5-405f760e711d,5a6ce153-df78-40af-93e5-405f760e711d_17.mp4,17,3d23ba7f-93d3-4c17-a692-41525beeac98,89,trigger_detection/data/batsman_keypoints/3d23ba7f-93d3-4c17-a692-41525beeac98_batter_keypoints.csv,True,"[72, 73, 74, 75, 76, 77, 78, 79, 80, 81, 82, 83]",72.0,83.0,18.97105327029804,actual_trigger,processed
5a6ce153-df78-40af-93e5-405f760e711d,5a6ce153-df78-40af-93e5-405f760e711d_18.mp4,18,8286544a-eba4-4670-86aa-da7f5ed4b52e,92,trigger_detection/data/batsman_keypoints/8286544a-eba4-4670-86aa-da7f5ed4b52e_batter_keypoints.csv,True,"[79, 80, 81, 82, 83, 84, 85, 86, 87, 88, 89, 90]",79.0,90.0,9.643793771019658,actual_trigger,processed
5a6ce153-df78-40af-93e5-405f760e711d,5a6ce153-df78-40af-93e5-405f760e711d_19.mp4,19,346612a4-c830-4f0a-876f-1167434e3bff,79,trigger_detection/data/batsman_keypoints/346612a4-c830-4f0a-876f-1167434e3bff_batter_keypoints.csv,True,"[64, 65, 66, 67, 68, 69, 70, 71, 72, 73, 74, 75]",64.0,75.0,31.807091393426337,actual_trigger,processed
5a6ce153-df78-40af-93e5-405f760e711d,5a6ce153-df78-40af-93e5-405f760e711d_21.mp4,21,129538e5-04c0-46ba-8ebc-8ad4c2dd6d95,88,trigger_detection/data/batsman_keypoints/129538e5-04c0-46ba-8ebc-8ad4c2dd6d95_batter_keypoints.csv,True,"[75, 76, 77, 78, 79, 80, 81, 82, 83, 84, 85, 86]",75.0,86.0,55.5128856578253,actual_trigger,processed
5a6ce153-df78-40af-93e5-405f760e711d,5a6ce153-df78-40af-93e5-405f760e711d_22.mp4,22,2f051815-9dbd-4f3e-bd67-25c9daadfe25,89,trigger_detection/data/batsman_keypoints/2f051815-9dbd-4f3e-bd67-25c9daadfe25_batter_keypoints.csv,True,"[78, 79, 80, 81, 82, 83, 84, 85, 86, 87, 88, 89]",78.0,89.0,13.046288526288771,actual_trigger,processed
5a6ce153-df78-40af-93e5-405f760e711d,5a6ce153-df78-40af-93e5-405f760e711d_23.mp4,23,78bfffb6-c05a-4aa4-a258-83bde8bc7380,81,trigger_detection/data/batsman_keypoints/78bfffb6-c05a-4aa4-a258-83bde8bc7380_batter_keypoints.csv,True,"[63, 64, 65, 66, 67, 68, 69, 70, 71, 72, 73, 74]",63.0,74.0,28.2624324385784,actual_trigger,processed
5a6ce153-df78-40af-93e5-405f760e711d,5a6ce153-df78-40af-93e5-405f760e711d_26.mp4,26,f6923982-c903-451e-b258-41664178d94b,91,trigger_detection/data/batsman_keypoints/f6923982-c903-451e-b258-41664178d94b_batter_keypoints.csv,True,"[80, 81, 82, 83, 84, 85, 86, 87, 88, 89, 90, 91]",80.0,91.0,5.621531286020218,actual_trigger,processed
5a6ce153-df78-40af-93e5-405f760e711d,5a6ce153-df78-40af-93e5-405f760e711d_27.mp4,27,a4d85af5-faf2-410e-9fd7-7a9587e66130,89,trigger_detection/data/batsman_keypoints/a4d85af5-faf2-410e-9fd7-7a9587e66130_batter_keypoints.csv,True,"[71, 72, 73, 74, 75, 76, 77, 78, 79, 80, 81, 82]",71.0,82.0,65.84278032749678,actual_trigger,processed
5a6ce153-df78-40af-93e5-405f760e711d,5a6ce153-df78-40af-93e5-405f760e711d_3.mp4,3,8d6448e6-80c1-4724-b010-a514eae43ead,88,trigger_detection/data/batsman_keypoints/8d6448e6-80c1-4724-b010-a514eae43ead_batter_keypoints.csv,True,"[75, 76, 77, 78, 79, 80, 81, 82, 83, 84, 85, 86]",75.0,86.0,15.995082129624118,actual_trigger,processed
5a6ce153-df78-40af-93e5-405f760e711d,5a6ce153-df78-40af-93e5-405f760e711d_31.mp4,31,378c6cce-6116-4dda-945f-45e21eed60e7,93,trigger_detection/data/batsman_keypoints/378c6cce-6116-4dda-945f-45e21eed60e7_batter_keypoints.csv,True,"[70, 71, 72, 73, 74, 75, 76, 77, 78, 79, 80, 81]",70.0,81.0,11.857608743745756,actual_trigger,processed
5a6ce153-df78-40af-93e5-405f760e711d,5a6ce153-df78-40af-93e5-405f760e711d_32.mp4,32,ca08e889-4c7b-4a00-9820-6e26c8f3caae,81,trigger_detection/data/batsman_keypoints/ca08e889-4c7b-4a00-9820-6e26c8f3caae_batter_keypoints.csv,True,"[62, 63, 64, 65, 66, 67, 68, 69, 70, 71, 72, 73]",62.0,73.0,17.635651807271636,actual_trigger,processed
5a6ce153-df78-40af-93e5-405f760e711d,5a6ce153-df78-40af-93e5-405f760e711d_4.mp4,4,04359a12-ac24-4ac2-8bd6-70312cc092a1,92,trigger_detection/data/batsman_keypoints/04359a12-ac24-4ac2-8bd6-70312cc092a1_batter_keypoints.csv,False,[],,,0.0,insufficient_factor_change_vs_preload,processed
5a6ce153-df78-40af-93e5-405f760e711d,5a6ce153-df78-40af-93e5-405f760e711d_5.mp4,5,83ac5ebc-f594-4498-952d-2502f32576f3,79,trigger_detection/data/batsman_keypoints/83ac5ebc-f594-4498-952d-2502f32576f3_batter_keypoints.csv,False,[],,,0.0,insufficient_factor_change_vs_preload,processed
5a6ce153-df78-40af-93e5-405f760e711d,5a6ce153-df78-40af-93e5-405f760e711d_7.mp4,7,a88476f3-7d7e-44a7-beea-10d3c33dba7b,89,trigger_detection/data/batsman_keypoints/a88476f3-7d7e-44a7-beea-10d3c33dba7b_batter_keypoints.csv,False,[],,,0.0,insufficient_factor_change_vs_preload,processed
5a6ce153-df78-40af-93e5-405f760e711d,5a6ce153-df78-40af-93e5-405f760e711d_8.mp4,8,cdc10954-b1a3-4fba-b773-a558feba0b98,98,trigger_detection/data/batsman_keypoints/cdc10954-b1a3-4fba-b773-a558feba0b98_batter_keypoints.csv,True,"[85, 86, 87, 88, 89, 90, 91, 92, 93, 94, 95, 96]",85.0,96.0,14.17734321620565,actual_trigger,processed
5a6ce153-df78-40af-93e5-405f760e711d,5a6ce153-df78-40af-93e5-405f760e711d_9.mp4,9,1521b85d-7389-4312-887e-e3dd5fdeaf9b,84,trigger_detection/data/batsman_keypoints/1521b85d-7389-4312-887e-e3dd5fdeaf9b_batter_keypoints.csv,True,"[73, 74, 75, 76, 77, 78, 79, 80, 81, 82, 83, 84]",73.0,84.0,5.2005151972547,actual_trigger,processed
7e8315a5-4a77-4263-b5e2-6e0e08f49d24,7e8315a5-4a77-4263-b5e2-6e0e08f49d24_5.mp4,5,423b0a37-c6b3-4dcc-b39b-86e1461dcbe5,62,trigger_detection/data/batsman_keypoints/423b0a37-c6b3-4dcc-b39b-86e1461dcbe5_batter_keypoints.csv,True,"[35, 36, 37, 38, 39]",35.0,39.0,7.519478648733354,actual_trigger,processed
9fbcf9db-53e4-450a-ad35-217b61a7b20d,9fbcf9db-53e4-450a-ad35-217b61a7b20d_6.mp4,6,3e1ffca9-2470-4033-b580-69c442930a4e,84,trigger_detection/data/batsman_keypoints/3e1ffca9-2470-4033-b580-69c442930a4e_batter_keypoints.csv,True,"[80, 81, 82, 83, 84]",80.0,84.0,5.380537873298563,actual_trigger,processed
fa7c87e5-08b5-4aea-bf5d-a685b470104b,fa7c87e5-08b5-4aea-bf5d-a685b470104b_1.mp4,1,8b0a450f-04ac-4bd3-a9e6-58156c1f1d75,94,trigger_detection/data/batsman_keypoints/8b0a450f-04ac-4bd3-a9e6-58156c1f1d75_batter_keypoints.csv,False,[],,,0.0,insufficient_factor_change_vs_preload,processed
fa7c87e5-08b5-4aea-bf5d-a685b470104b,fa7c87e5-08b5-4aea-bf5d-a685b470104b_11.mp4,11,756c734d-d0d1-4552-9c2e-2d5e1ea5c1b8,92,trigger_detection/data/batsman_keypoints/756c734d-d0d1-4552-9c2e-2d5e1ea5c1b8_batter_keypoints.csv,True,"[78, 79, 80, 81, 82, 83, 84, 85, 86, 87, 88, 89]",78.0,89.0,30.03946806201292,actual_trigger,processed
fa7c87e5-08b5-4aea-bf5d-a685b470104b,fa7c87e5-08b5-4aea-bf5d-a685b470104b_12.mp4,12,f74c47ed-e3a8-4837-a8f0-91797403c240,82,trigger_detection/data/batsman_keypoints/f74c47ed-e3a8-4837-a8f0-91797403c240_batter_keypoints.csv,True,"[68, 69, 70, 71, 72, 73, 74, 75, 76, 77, 78, 79]",68.0,79.0,6.299902433895471,actual_trigger,processed
fa7c87e5-08b5-4aea-bf5d-a685b470104b,fa7c87e5-08b5-4aea-bf5d-a685b470104b_13.mp4,13,d6d35dfb-f53b-4c4d-b70d-bee2ddc58d78,88,trigger_detection/data/batsman_keypoints/d6d35dfb-f53b-4c4d-b70d-bee2ddc58d78_batter_keypoints.csv,True,"[67, 68, 69, 70, 71, 72, 73, 74, 75, 76, 77, 78]",67.0,78.0,18.087312073867373,actual_trigger,processed
fa7c87e5-08b5-4aea-bf5d-a685b470104b,fa7c87e5-08b5-4aea-bf5d-a685b470104b_15.mp4,15,ab007ad6-763e-4971-a20e-4b670742b969,83,trigger_detection/data/batsman_keypoints/ab007ad6-763e-4971-a20e-4b670742b969_batter_keypoints.csv,True,"[69, 70, 71, 72, 73, 74, 75, 76, 77, 78, 79, 80]",69.0,80.0,36.27144664878166,actual_trigger,processed
fa7c87e5-08b5-4aea-bf5d-a685b470104b,fa7c87e5-08b5-4aea-bf5d-a685b470104b_16.mp4,16,56da660d-21fe-4c1b-926d-1e8dba22b494,91,trigger_detection/data/batsman_keypoints/56da660d-21fe-4c1b-926d-1e8dba22b494_batter_keypoints.csv,True,"[73, 74, 75, 76, 77, 78, 79, 80, 81, 82, 83, 84]",73.0,84.0,5.343461882241222,actual_trigger,processed
fa7c87e5-08b5-4aea-bf5d-a685b470104b,fa7c87e5-08b5-4aea-bf5d-a685b470104b_18.mp4,18,5e32b976-3f82-45a0-8fbc-af21e9c8e788,88,trigger_detection/data/batsman_keypoints/5e32b976-3f82-45a0-8fbc-af21e9c8e788_batter_keypoints.csv,False,[],,,0.0,insufficient_factor_change_vs_preload,processed
fa7c87e5-08b5-4aea-bf5d-a685b470104b,fa7c87e5-08b5-4aea-bf5d-a685b470104b_22.mp4,22,c28dc68e-fcba-440e-9e27-116547b5a057,81,trigger_detection/data/batsman_keypoints/c28dc68e-fcba-440e-9e27-116547b5a057_batter_keypoints.csv,True,"[67, 68, 69, 70, 71, 72, 73, 74, 75, 76, 77]",67.0,77.0,14.304769304381,actual_trigger,processed
fa7c87e5-08b5-4aea-bf5d-a685b470104b,fa7c87e5-08b5-4aea-bf5d-a685b470104b_24.mp4,24,778ea8fb-af1e-4d4d-90c2-4100f26ea3f4,82,trigger_detection/data/batsman_keypoints/778ea8fb-af1e-4d4d-90c2-4100f26ea3f4_batter_keypoints.csv,True,"[65, 66, 67, 68, 69, 70, 71, 72, 73, 74, 75, 76]",65.0,76.0,9.781977281794552,actual_trigger,processed
fa7c87e5-08b5-4aea-bf5d-a685b470104b,fa7c87e5-08b5-4aea-bf5d-a685b470104b_25.mp4,25,943201e7-b212-4cd1-8ba4-2228b50d732f,89,trigger_detection/data/batsman_keypoints/943201e7-b212-4cd1-8ba4-2228b50d732f_batter_keypoints.csv,True,"[77, 78, 79, 80, 81, 82, 83, 84, 85, 86, 87, 88]",77.0,88.0,9.134958830085427,actual_trigger,processed
fa7c87e5-08b5-4aea-bf5d-a685b470104b,fa7c87e5-08b5-4aea-bf5d-a685b470104b_26.mp4,26,be307b8a-9526-4a20-a3cc-cb95bae24713,82,trigger_detection/data/batsman_keypoints/be307b8a-9526-4a20-a3cc-cb95bae24713_batter_keypoints.csv,True,"[65, 66, 67, 68, 69, 70, 71, 72, 73, 74, 75, 76]",65.0,76.0,6.327265877724419,actual_trigger,processed
fa7c87e5-08b5-4aea-bf5d-a685b470104b,fa7c87e5-08b5-4aea-bf5d-a685b470104b_29.mp4,29,985240e5-5096-4703-901d-80ab090a6ceb,91,trigger_detection/data/batsman_keypoints/985240e5-5096-4703-901d-80ab090a6ceb_batter_keypoints.csv,True,"[74, 75, 76, 77, 78, 79, 80, 81, 82, 83, 84, 85]",74.0,85.0,5.358553199072682,actual_trigger,processed
fa7c87e5-08b5-4aea-bf5d-a685b470104b,fa7c87e5-08b5-4aea-bf5d-a685b470104b_30.mp4,30,a8009ff2-d327-4355-a53f-b551637d829f,83,trigger_detection/data/batsman_keypoints/a8009ff2-d327-4355-a53f-b551637d829f_batter_keypoints.csv,True,"[63, 64, 65, 66, 67, 68, 69, 70, 71, 72, 73, 74]",63.0,74.0,15.41073228933022,actual_trigger,processed
fa7c87e5-08b5-4aea-bf5d-a685b470104b,fa7c87e5-08b5-4aea-bf5d-a685b470104b_31.mp4,31,1777d9a0-140a-4ed0-b393-0e324b28032d,82,trigger_detection/data/batsman_keypoints/1777d9a0-140a-4ed0-b393-0e324b28032d_batter_keypoints.csv,True,"[69, 70, 71, 72, 73, 74, 75, 76, 77, 78, 79, 80]",69.0,80.0,13.8268283521613,actual_trigger,processed
fa7c87e5-08b5-4aea-bf5d-a685b470104b,fa7c87e5-08b5-4aea-bf5d-a685b470104b_32.mp4,32,09970595-c084-4e9b-ba92-54f9acef0350,86,trigger_detection/data/batsman_keypoints/09970595-c084-4e9b-ba92-54f9acef0350_batter_keypoints.csv,True,"[67, 68, 69, 70, 71, 72, 73, 74, 75, 76, 77]",67.0,77.0,4.637068092627526,actual_trigger,processed
fa7c87e5-08b5-4aea-bf5d-a685b470104b,fa7c87e5-08b5-4aea-bf5d-a685b470104b_34.mp4,34,8941c284-63b4-4541-8215-446e7ec3cb0e,84,trigger_detection/data/batsman_keypoints/8941c284-63b4-4541-8215-446e7ec3cb0e_batter_keypoints.csv,True,"[64, 65, 66, 67, 68, 69, 70, 71, 72, 73, 74, 75]",64.0,75.0,6.358302449781642,actual_trigger,processed
fa7c87e5-08b5-4aea-bf5d-a685b470104b,fa7c87e5-08b5-4aea-bf5d-a685b470104b_4.mp4,4,3eb2b36c-9fe0-4ff7-92b9-639212e00c76,92,trigger_detection/data/batsman_keypoints/3eb2b36c-9fe0-4ff7-92b9-639212e00c76_batter_keypoints.csv,True,"[73, 74, 75, 76, 77, 78, 79, 80, 81, 82, 83, 84]",73.0,84.0,11.799252946629634,actual_trigger,processed
fa7c87e5-08b5-4aea-bf5d-a685b470104b,fa7c87e5-08b5-4aea-bf5d-a685b470104b_5.mp4,5,558282ab-55d0-458a-8b34-32aeeb96aab5,88,trigger_detection/data/batsman_keypoints/558282ab-55d0-458a-8b34-32aeeb96aab5_batter_keypoints.csv,True,"[71, 72, 73, 74, 75, 76, 77, 78, 79, 80, 81, 82]",71.0,82.0,10.472023451263643,actual_trigger,processed
fa7c87e5-08b5-4aea-bf5d-a685b470104b,fa7c87e5-08b5-4aea-bf5d-a685b470104b_6.mp4,6,bca4ffb0-e41a-4296-8529-b57c1aa6da1f,93,trigger_detection/data/batsman_keypoints/bca4ffb0-e41a-4296-8529-b57c1aa6da1f_batter_keypoints.csv,True,"[74, 75, 76, 77, 78, 79, 80, 81, 82, 83, 84, 85]",74.0,85.0,5.556714824562299,actual_trigger,processed
fa7c87e5-08b5-4aea-bf5d-a685b470104b,fa7c87e5-08b5-4aea-bf5d-a685b470104b_7.mp4,7,f1a15a53-8897-494b-9560-f8bd5aff3154,99,trigger_detection/data/batsman_keypoints/f1a15a53-8897-494b-9560-f8bd5aff3154_batter_keypoints.csv,True,"[75, 76, 77, 78, 79, 80, 81, 82, 83, 84, 85, 86]",75.0,86.0,4.694313533600265,actual_trigger,processed
