video_id,video,feature_csv,keypoints_csv,label_csv,label_status,split,video_frames,fps,feature_rows,zero_filled_features
008330cf-9d1e-41b5-8bcf-7a233788ad3a_delivery_14,input/008330cf-9d1e-41b5-8bcf-7a233788ad3a_delivery_14.mp4,output/features/008330cf-9d1e-41b5-8bcf-7a233788ad3a_delivery_14_features.csv,output/keypoints/008330cf-9d1e-41b5-8bcf-7a233788ad3a_delivery_14_keypoints.csv,output/training/008330cf-9d1e-41b5-8bcf-7a233788ad3a_delivery_14_phase_labels.csv,manual,train,186,60.00967898048072,181,
008330cf-9d1e-41b5-8bcf-7a233788ad3a_delivery_1,input/008330cf-9d1e-41b5-8bcf-7a233788ad3a_delivery_1.mp4,output/features/008330cf-9d1e-41b5-8bcf-7a233788ad3a_delivery_1_features.csv,output/keypoints/008330cf-9d1e-41b5-8bcf-7a233788ad3a_delivery_1_keypoints.csv,output/training/008330cf-9d1e-41b5-8bcf-7a233788ad3a_delivery_1_phase_labels.csv,manual,train,185,60.00778479370297,181,bat_arm_extension;ear_separation;eye_separation;left_arm_length;left_forearm_length;left_shoulder_wrist_dist;right_arm_length;right_forearm_length;right_shoulder_wrist_dist
008330cf-9d1e-41b5-8bcf-7a233788ad3a_delivery_5,input/008330cf-9d1e-41b5-8bcf-7a233788ad3a_delivery_5.mp4,output/features/008330cf-9d1e-41b5-8bcf-7a233788ad3a_delivery_5_features.csv,output/keypoints/008330cf-9d1e-41b5-8bcf-7a233788ad3a_delivery_5_keypoints.csv,output/training/008330cf-9d1e-41b5-8bcf-7a233788ad3a_delivery_5_phase_labels.csv,manual,train,225,60.009601536245796,181,
008330cf-9d1e-41b5-8bcf-7a233788ad3a_delivery_7,input/008330cf-9d1e-41b5-8bcf-7a233788ad3a_delivery_7.mp4,output/features/008330cf-9d1e-41b5-8bcf-7a233788ad3a_delivery_7_features.csv,output/keypoints/008330cf-9d1e-41b5-8bcf-7a233788ad3a_delivery_7_keypoints.csv,output/training/008330cf-9d1e-41b5-8bcf-7a233788ad3a_delivery_7_phase_labels.csv,manual,train,185,60.00994759491663,181,
00e39b89-84a3-4095-b669-719634933843_delivery_22,input/00e39b89-84a3-4095-b669-719634933843_delivery_22.mp4,output/features/00e39b89-84a3-4095-b669-719634933843_delivery_22_features.csv,output/keypoints/00e39b89-84a3-4095-b669-719634933843_delivery_22_keypoints.csv,output/training/00e39b89-84a3-4095-b669-719634933843_delivery_22_phase_labels.csv,manual,train,145,29.896907216494846,89,
07578356-0cd9-4560-8c04-398e9bd2276b_delivery_2,input/07578356-0cd9-4560-8c04-398e9bd2276b_delivery_2.mp4,output/features/07578356-0cd9-4560-8c04-398e9bd2276b_delivery_2_features.csv,output/keypoints/07578356-0cd9-4560-8c04-398e9bd2276b_delivery_2_keypoints.csv,output/training/07578356-0cd9-4560-8c04-398e9bd2276b_delivery_2_phase_labels.csv,manual,test,106,29.89723998959551,89,
0fb53ca9-0b80-4250-a522-c4218405d780_delivery_6,input/0fb53ca9-0b80-4250-a522-c4218405d780_delivery_6.mp4,output/features/0fb53ca9-0b80-4250-a522-c4218405d780_delivery_6_features.csv,output/keypoints/0fb53ca9-0b80-4250-a522-c4218405d780_delivery_6_keypoints.csv,output/training/0fb53ca9-0b80-4250-a522-c4218405d780_delivery_6_phase_labels.csv,manual,test,90,30.04785398968728,90,
1422e687-d176-44a4-819e-2c10a141a682_delivery_1,input/1422e687-d176-44a4-819e-2c10a141a682_delivery_1.mp4,output/features/1422e687-d176-44a4-819e-2c10a141a682_delivery_1_features.csv,output/keypoints/1422e687-d176-44a4-819e-2c10a141a682_delivery_1_keypoints.csv,output/training/1422e687-d176-44a4-819e-2c10a141a682_delivery_1_phase_labels.csv,manual,train,135,29.917044836170323,135,
1422e687-d176-44a4-819e-2c10a141a682_delivery_2,input/1422e687-d176-44a4-819e-2c10a141a682_delivery_2.mp4,output/features/1422e687-d176-44a4-819e-2c10a141a682_delivery_2_features.csv,output/keypoints/1422e687-d176-44a4-819e-2c10a141a682_delivery_2_keypoints.csv,output/training/1422e687-d176-44a4-819e-2c10a141a682_delivery_2_phase_labels.csv,manual,train,160,29.92114531495122,160,
1422e687-d176-44a4-819e-2c10a141a682_delivery_3,input/1422e687-d176-44a4-819e-2c10a141a682_delivery_3.mp4,output/features/1422e687-d176-44a4-819e-2c10a141a682_delivery_3_features.csv,output/keypoints/1422e687-d176-44a4-819e-2c10a141a682_delivery_3_keypoints.csv,output/training/1422e687-d176-44a4-819e-2c10a141a682_delivery_3_phase_labels.csv,manual,train,126,29.917449999076624,126,
178abe9f-dc3a-45ac-89c9-566dba61bce9_delivery_10,input/178abe9f-dc3a-45ac-89c9-566dba61bce9_delivery_10.mp4,output/features/178abe9f-dc3a-45ac-89c9-566dba61bce9_delivery_10_features.csv,output/keypoints/178abe9f-dc3a-45ac-89c9-566dba61bce9_delivery_10_keypoints.csv,output/training/178abe9f-dc3a-45ac-89c9-566dba61bce9_delivery_10_phase_labels.csv,manual,train,204,54.852635824507416,165,
1bb571ba-dc23-4fcb-9e77-70746e566ce1_delivery_2,input/1bb571ba-dc23-4fcb-9e77-70746e566ce1_delivery_2.mp4,output/features/1bb571ba-dc23-4fcb-9e77-70746e566ce1_delivery_2_features.csv,output/keypoints/1bb571ba-dc23-4fcb-9e77-70746e566ce1_delivery_2_keypoints.csv,output/training/1bb571ba-dc23-4fcb-9e77-70746e566ce1_delivery_2_phase_labels.csv,manual,train,93,29.91112429376512,93,
21c1f521-f220-4a6e-83aa-71ca085845bf_delivery_13,input/21c1f521-f220-4a6e-83aa-71ca085845bf_delivery_13.mp4,output/features/21c1f521-f220-4a6e-83aa-71ca085845bf_delivery_13_features.csv,output/keypoints/21c1f521-f220-4a6e-83aa-71ca085845bf_delivery_13_keypoints.csv,output/training/21c1f521-f220-4a6e-83aa-71ca085845bf_delivery_13_phase_labels.csv,manual,train,98,30.05100493695081,98,
21c1f521-f220-4a6e-83aa-71ca085845bf_delivery_14,input/21c1f521-f220-4a6e-83aa-71ca085845bf_delivery_14.mp4,output/features/21c1f521-f220-4a6e-83aa-71ca085845bf_delivery_14_features.csv,output/keypoints/21c1f521-f220-4a6e-83aa-71ca085845bf_delivery_14_keypoints.csv,output/training/21c1f521-f220-4a6e-83aa-71ca085845bf_delivery_14_phase_labels.csv,manual,train,104,30.046996584401242,104,
22a76ae6-8845-4c11-9024-87a931a562d4_delivery_2,input/22a76ae6-8845-4c11-9024-87a931a562d4_delivery_2.mp4,output/features/22a76ae6-8845-4c11-9024-87a931a562d4_delivery_2_features.csv,output/keypoints/22a76ae6-8845-4c11-9024-87a931a562d4_delivery_2_keypoints.csv,output/training/22a76ae6-8845-4c11-9024-87a931a562d4_delivery_2_phase_labels.csv,manual,train,171,60.010528162835584,171,
22a76ae6-8845-4c11-9024-87a931a562d4_delivery_3,input/22a76ae6-8845-4c11-9024-87a931a562d4_delivery_3.mp4,output/features/22a76ae6-8845-4c11-9024-87a931a562d4_delivery_3_features.csv,output/keypoints/22a76ae6-8845-4c11-9024-87a931a562d4_delivery_3_keypoints.csv,output/training/22a76ae6-8845-4c11-9024-87a931a562d4_delivery_3_phase_labels.csv,manual,train,134,60.00537361554766,134,
22a8931b-59a5-40b6-aa97-89c11d506144_delivery_4,input/22a8931b-59a5-40b6-aa97-89c11d506144_delivery_4.mp4,output/features/22a8931b-59a5-40b6-aa97-89c11d506144_delivery_4_features.csv,output/keypoints/22a8931b-59a5-40b6-aa97-89c11d506144_delivery_4_keypoints.csv,output/training/22a8931b-59a5-40b6-aa97-89c11d506144_delivery_4_phase_labels.csv,manual,test,177,58.25413136251769,175,
2528ff4e-de60-4e30-8b17-d238eca61e70_delivery_14,input/2528ff4e-de60-4e30-8b17-d238eca61e70_delivery_14.mp4,output/features/2528ff4e-de60-4e30-8b17-d238eca61e70_delivery_14_features.csv,output/keypoints/2528ff4e-de60-4e30-8b17-d238eca61e70_delivery_14_keypoints.csv,output/training/2528ff4e-de60-4e30-8b17-d238eca61e70_delivery_14_phase_labels.csv,manual,test,99,29.902640225259844,89,
2d36b9ce-c540-4fce-afae-1320568ec687_delivery_7,input/2d36b9ce-c540-4fce-afae-1320568ec687_delivery_7.mp4,output/features/2d36b9ce-c540-4fce-afae-1320568ec687_delivery_7_features.csv,output/keypoints/2d36b9ce-c540-4fce-afae-1320568ec687_delivery_7_keypoints.csv,output/training/2d36b9ce-c540-4fce-afae-1320568ec687_delivery_7_phase_labels.csv,manual,train,142,60.0101425593058,142,
3658b9c7-b70d-4cc4-af20-3b324ba0a954_delivery_11,input/3658b9c7-b70d-4cc4-af20-3b324ba0a954_delivery_11.mp4,output/features/3658b9c7-b70d-4cc4-af20-3b324ba0a954_delivery_11_features.csv,output/keypoints/3658b9c7-b70d-4cc4-af20-3b324ba0a954_delivery_11_keypoints.csv,output/training/3658b9c7-b70d-4cc4-af20-3b324ba0a954_delivery_11_phase_labels.csv,manual,train,203,50.0,150,
42b17714-ec3a-4e3c-aee3-d5546dac99c5_delivery_4,input/42b17714-ec3a-4e3c-aee3-d5546dac99c5_delivery_4.mp4,output/features/42b17714-ec3a-4e3c-aee3-d5546dac99c5_delivery_4_features.csv,output/keypoints/42b17714-ec3a-4e3c-aee3-d5546dac99c5_delivery_4_keypoints.csv,output/training/42b17714-ec3a-4e3c-aee3-d5546dac99c5_delivery_4_phase_labels.csv,manual,train,155,51.408292397100496,155,
479038b4-6281-4885-99d9-236a1dbf8b4e_delivery_1,input/479038b4-6281-4885-99d9-236a1dbf8b4e_delivery_1.mp4,output/features/479038b4-6281-4885-99d9-236a1dbf8b4e_delivery_1_features.csv,output/keypoints/479038b4-6281-4885-99d9-236a1dbf8b4e_delivery_1_keypoints.csv,output/training/479038b4-6281-4885-99d9-236a1dbf8b4e_delivery_1_phase_labels.csv,manual,train,171,60.00842223469961,171,
4af4f6b5-b557-4bf1-9cb5-76fc669915e8_delivery_15,input/4af4f6b5-b557-4bf1-9cb5-76fc669915e8_delivery_15.mp4,output/features/4af4f6b5-b557-4bf1-9cb5-76fc669915e8_delivery_15_features.csv,output/keypoints/4af4f6b5-b557-4bf1-9cb5-76fc669915e8_delivery_15_keypoints.csv,output/training/4af4f6b5-b557-4bf1-9cb5-76fc669915e8_delivery_15_phase_labels.csv,manual,train,86,29.904144467153735,86,
4af4f6b5-b557-4bf1-9cb5-76fc669915e8_delivery_1,input/4af4f6b5-b557-4bf1-9cb5-76fc669915e8_delivery_1.mp4,output/features/4af4f6b5-b557-4bf1-9cb5-76fc669915e8_delivery_1_features.csv,output/keypoints/4af4f6b5-b557-4bf1-9cb5-76fc669915e8_delivery_1_keypoints.csv,output/training/4af4f6b5-b557-4bf1-9cb5-76fc669915e8_delivery_1_phase_labels.csv,manual,train,85,29.90442311826906,85,
4af4f6b5-b557-4bf1-9cb5-76fc669915e8_delivery_6,input/4af4f6b5-b557-4bf1-9cb5-76fc669915e8_delivery_6.mp4,output/features/4af4f6b5-b557-4bf1-9cb5-76fc669915e8_delivery_6_features.csv,output/keypoints/4af4f6b5-b557-4bf1-9cb5-76fc669915e8_delivery_6_keypoints.csv,output/training/4af4f6b5-b557-4bf1-9cb5-76fc669915e8_delivery_6_phase_labels.csv,manual,excluded_too_short,77,29.878416831939294,77,
4ba3683f-68ea-4591-b7f8-3d686aa06c86_delivery_1,input/4ba3683f-68ea-4591-b7f8-3d686aa06c86_delivery_1.mp4,output/features/4ba3683f-68ea-4591-b7f8-3d686aa06c86_delivery_1_features.csv,output/keypoints/4ba3683f-68ea-4591-b7f8-3d686aa06c86_delivery_1_keypoints.csv,output/training/4ba3683f-68ea-4591-b7f8-3d686aa06c86_delivery_1_phase_labels.csv,manual,test,81,29.605263157894736,81,
4cf07982-ddd4-4196-bcde-ae1f618e1dba_delivery_16,input/4cf07982-ddd4-4196-bcde-ae1f618e1dba_delivery_16.mp4,output/features/4cf07982-ddd4-4196-bcde-ae1f618e1dba_delivery_16_features.csv,output/keypoints/4cf07982-ddd4-4196-bcde-ae1f618e1dba_delivery_16_keypoints.csv,output/training/4cf07982-ddd4-4196-bcde-ae1f618e1dba_delivery_16_phase_labels.csv,manual,train,184,52.024755741258524,157,
4cf6dde3-f462-4d7c-874f-cac17c62beaf_delivery_1,input/4cf6dde3-f462-4d7c-874f-cac17c62beaf_delivery_1.mp4,output/features/4cf6dde3-f462-4d7c-874f-cac17c62beaf_delivery_1_features.csv,output/keypoints/4cf6dde3-f462-4d7c-874f-cac17c62beaf_delivery_1_keypoints.csv,output/training/4cf6dde3-f462-4d7c-874f-cac17c62beaf_delivery_1_phase_labels.csv,manual,test,135,27.55751923356075,85,
4cf6dde3-f462-4d7c-874f-cac17c62beaf_delivery_5,input/4cf6dde3-f462-4d7c-874f-cac17c62beaf_delivery_5.mp4,output/features/4cf6dde3-f462-4d7c-874f-cac17c62beaf_delivery_5_features.csv,output/keypoints/4cf6dde3-f462-4d7c-874f-cac17c62beaf_delivery_5_keypoints.csv,output/training/4cf6dde3-f462-4d7c-874f-cac17c62beaf_delivery_5_phase_labels.csv,manual,test,146,30.00794731024655,91,
4cf6dde3-f462-4d7c-874f-cac17c62beaf_delivery_7,input/4cf6dde3-f462-4d7c-874f-cac17c62beaf_delivery_7.mp4,output/features/4cf6dde3-f462-4d7c-874f-cac17c62beaf_delivery_7_features.csv,output/keypoints/4cf6dde3-f462-4d7c-874f-cac17c62beaf_delivery_7_keypoints.csv,output/training/4cf6dde3-f462-4d7c-874f-cac17c62beaf_delivery_7_phase_labels.csv,manual,train,143,29.79911644577811,89,
4f1c3ef4-bef8-472e-87ff-a9a418067ac8_delivery_1,input/4f1c3ef4-bef8-472e-87ff-a9a418067ac8_delivery_1.mp4,output/features/4f1c3ef4-bef8-472e-87ff-a9a418067ac8_delivery_1_features.csv,output/keypoints/4f1c3ef4-bef8-472e-87ff-a9a418067ac8_delivery_1_keypoints.csv,output/training/4f1c3ef4-bef8-472e-87ff-a9a418067ac8_delivery_1_phase_labels.csv,manual,train,171,27.88402131433572,171,
57611182-24f2-4793-9bb8-aa9687f4096b_delivery_1,input/57611182-24f2-4793-9bb8-aa9687f4096b_delivery_1.mp4,output/features/57611182-24f2-4793-9bb8-aa9687f4096b_delivery_1_features.csv,output/keypoints/57611182-24f2-4793-9bb8-aa9687f4096b_delivery_1_keypoints.csv,output/training/57611182-24f2-4793-9bb8-aa9687f4096b_delivery_1_phase_labels.csv,manual,train,221,29.98837554673377,221,
5a6ce153-df78-40af-93e5-405f760e711d_delivery_10,input/5a6ce153-df78-40af-93e5-405f760e711d_delivery_10.mp4,output/features/5a6ce153-df78-40af-93e5-405f760e711d_delivery_10_features.csv,output/keypoints/5a6ce153-df78-40af-93e5-405f760e711d_delivery_10_keypoints.csv,output/training/5a6ce153-df78-40af-93e5-405f760e711d_delivery_10_phase_labels.csv,manual,test,233,60.00772631669314,181,
5a6ce153-df78-40af-93e5-405f760e711d_delivery_19,input/5a6ce153-df78-40af-93e5-405f760e711d_delivery_19.mp4,output/features/5a6ce153-df78-40af-93e5-405f760e711d_delivery_19_features.csv,output/keypoints/5a6ce153-df78-40af-93e5-405f760e711d_delivery_19_keypoints.csv,output/training/5a6ce153-df78-40af-93e5-405f760e711d_delivery_19_phase_labels.csv,manual,train,235,60.00919289763538,181,
5a6ce153-df78-40af-93e5-405f760e711d_delivery_23,input/5a6ce153-df78-40af-93e5-405f760e711d_delivery_23.mp4,output/features/5a6ce153-df78-40af-93e5-405f760e711d_delivery_23_features.csv,output/keypoints/5a6ce153-df78-40af-93e5-405f760e711d_delivery_23_keypoints.csv,output/training/5a6ce153-df78-40af-93e5-405f760e711d_delivery_23_phase_labels.csv,manual,test,232,60.00931178976048,181,
5a6ce153-df78-40af-93e5-405f760e711d_delivery_24,input/5a6ce153-df78-40af-93e5-405f760e711d_delivery_24.mp4,output/features/5a6ce153-df78-40af-93e5-405f760e711d_delivery_24_features.csv,output/keypoints/5a6ce153-df78-40af-93e5-405f760e711d_delivery_24_keypoints.csv,output/training/5a6ce153-df78-40af-93e5-405f760e711d_delivery_24_phase_labels.csv,manual,train,235,60.00919289763538,181,
5a6ce153-df78-40af-93e5-405f760e711d_delivery_2,input/5a6ce153-df78-40af-93e5-405f760e711d_delivery_2.mp4,output/features/5a6ce153-df78-40af-93e5-405f760e711d_delivery_2_features.csv,output/keypoints/5a6ce153-df78-40af-93e5-405f760e711d_delivery_2_keypoints.csv,output/training/5a6ce153-df78-40af-93e5-405f760e711d_delivery_2_phase_labels.csv,manual,train,194,60.00927978553385,181,
5a6ce153-df78-40af-93e5-405f760e711d_delivery_30,input/5a6ce153-df78-40af-93e5-405f760e711d_delivery_30.mp4,output/features/5a6ce153-df78-40af-93e5-405f760e711d_delivery_30_features.csv,output/keypoints/5a6ce153-df78-40af-93e5-405f760e711d_delivery_30_keypoints.csv,output/training/5a6ce153-df78-40af-93e5-405f760e711d_delivery_30_phase_labels.csv,manual,train,204,60.00882482718047,181,
5a6ce153-df78-40af-93e5-405f760e711d_delivery_32,input/5a6ce153-df78-40af-93e5-405f760e711d_delivery_32.mp4,output/features/5a6ce153-df78-40af-93e5-405f760e711d_delivery_32_features.csv,output/keypoints/5a6ce153-df78-40af-93e5-405f760e711d_delivery_32_keypoints.csv,output/training/5a6ce153-df78-40af-93e5-405f760e711d_delivery_32_phase_labels.csv,manual,train,209,60.01033670871538,181,
5a6ce153-df78-40af-93e5-405f760e711d_delivery_3,input/5a6ce153-df78-40af-93e5-405f760e711d_delivery_3.mp4,output/features/5a6ce153-df78-40af-93e5-405f760e711d_delivery_3_features.csv,output/keypoints/5a6ce153-df78-40af-93e5-405f760e711d_delivery_3_keypoints.csv,output/training/5a6ce153-df78-40af-93e5-405f760e711d_delivery_3_phase_labels.csv,manual,train,222,60.00973130777964,181,
5a6ce153-df78-40af-93e5-405f760e711d_delivery_4,input/5a6ce153-df78-40af-93e5-405f760e711d_delivery_4.mp4,output/features/5a6ce153-df78-40af-93e5-405f760e711d_delivery_4_features.csv,output/keypoints/5a6ce153-df78-40af-93e5-405f760e711d_delivery_4_keypoints.csv,output/training/5a6ce153-df78-40af-93e5-405f760e711d_delivery_4_phase_labels.csv,manual,test,206,60.00873913676749,181,
5a6ce153-df78-40af-93e5-405f760e711d_delivery_5,input/5a6ce153-df78-40af-93e5-405f760e711d_delivery_5.mp4,output/features/5a6ce153-df78-40af-93e5-405f760e711d_delivery_5_features.csv,output/keypoints/5a6ce153-df78-40af-93e5-405f760e711d_delivery_5_keypoints.csv,output/training/5a6ce153-df78-40af-93e5-405f760e711d_delivery_5_phase_labels.csv,manual,test,233,60.009271818821794,181,
5a6ce153-df78-40af-93e5-405f760e711d_delivery_6,input/5a6ce153-df78-40af-93e5-405f760e711d_delivery_6.mp4,output/features/5a6ce153-df78-40af-93e5-405f760e711d_delivery_6_features.csv,output/keypoints/5a6ce153-df78-40af-93e5-405f760e711d_delivery_6_keypoints.csv,output/training/5a6ce153-df78-40af-93e5-405f760e711d_delivery_6_phase_labels.csv,manual,train,228,60.00947518029162,181,
5a6ce153-df78-40af-93e5-405f760e711d_delivery_7,input/5a6ce153-df78-40af-93e5-405f760e711d_delivery_7.mp4,output/features/5a6ce153-df78-40af-93e5-405f760e711d_delivery_7_features.csv,output/keypoints/5a6ce153-df78-40af-93e5-405f760e711d_delivery_7_keypoints.csv,output/training/5a6ce153-df78-40af-93e5-405f760e711d_delivery_7_phase_labels.csv,manual,train,228,60.011054667965155,181,
5a6ce153-df78-40af-93e5-405f760e711d_delivery_8,input/5a6ce153-df78-40af-93e5-405f760e711d_delivery_8.mp4,output/features/5a6ce153-df78-40af-93e5-405f760e711d_delivery_8_features.csv,output/keypoints/5a6ce153-df78-40af-93e5-405f760e711d_delivery_8_keypoints.csv,output/training/5a6ce153-df78-40af-93e5-405f760e711d_delivery_8_phase_labels.csv,manual,train,192,60.01125210977058,181,
5e2d3ff3-4182-41c2-9433-a775bde0e954_delivery_22,input/5e2d3ff3-4182-41c2-9433-a775bde0e954_delivery_22.mp4,output/features/5e2d3ff3-4182-41c2-9433-a775bde0e954_delivery_22_features.csv,output/keypoints/5e2d3ff3-4182-41c2-9433-a775bde0e954_delivery_22_keypoints.csv,output/training/5e2d3ff3-4182-41c2-9433-a775bde0e954_delivery_22_phase_labels.csv,manual,train,202,60.00891221468535,181,
5e2d3ff3-4182-41c2-9433-a775bde0e954_delivery_23,input/5e2d3ff3-4182-41c2-9433-a775bde0e954_delivery_23.mp4,output/features/5e2d3ff3-4182-41c2-9433-a775bde0e954_delivery_23_features.csv,output/keypoints/5e2d3ff3-4182-41c2-9433-a775bde0e954_delivery_23_keypoints.csv,output/training/5e2d3ff3-4182-41c2-9433-a775bde0e954_delivery_23_phase_labels.csv,manual,train,209,60.01033670871538,181,
65dbcf5a-1b7f-480e-9cb9-efaeba6f61a2_delivery_4,input/65dbcf5a-1b7f-480e-9cb9-efaeba6f61a2_delivery_4.mp4,output/features/65dbcf5a-1b7f-480e-9cb9-efaeba6f61a2_delivery_4_features.csv,output/keypoints/65dbcf5a-1b7f-480e-9cb9-efaeba6f61a2_delivery_4_keypoints.csv,output/training/65dbcf5a-1b7f-480e-9cb9-efaeba6f61a2_delivery_4_phase_labels.csv,manual,excluded_too_short,70,29.909275198564355,70,
65dbcf5a-1b7f-480e-9cb9-efaeba6f61a2_delivery_5,input/65dbcf5a-1b7f-480e-9cb9-efaeba6f61a2_delivery_5.mp4,output/features/65dbcf5a-1b7f-480e-9cb9-efaeba6f61a2_delivery_5_features.csv,output/keypoints/65dbcf5a-1b7f-480e-9cb9-efaeba6f61a2_delivery_5_keypoints.csv,output/training/65dbcf5a-1b7f-480e-9cb9-efaeba6f61a2_delivery_5_phase_labels.csv,manual,excluded_too_short,49,29.896683569704695,49,
69fd62f4-beea-4c5a-b558-977b47e4ef47_delivery_1,input/69fd62f4-beea-4c5a-b558-977b47e4ef47_delivery_1.mp4,output/features/69fd62f4-beea-4c5a-b558-977b47e4ef47_delivery_1_features.csv,output/keypoints/69fd62f4-beea-4c5a-b558-977b47e4ef47_delivery_1_keypoints.csv,output/training/69fd62f4-beea-4c5a-b558-977b47e4ef47_delivery_1_phase_labels.csv,manual,excluded_too_short,78,33.1474494879144,78,
6a8973e9-f387-4afc-a16d-e5c5db2892ec_delivery_12,input/6a8973e9-f387-4afc-a16d-e5c5db2892ec_delivery_12.mp4,output/features/6a8973e9-f387-4afc-a16d-e5c5db2892ec_delivery_12_features.csv,output/keypoints/6a8973e9-f387-4afc-a16d-e5c5db2892ec_delivery_12_keypoints.csv,output/training/6a8973e9-f387-4afc-a16d-e5c5db2892ec_delivery_12_phase_labels.csv,manual,train,206,60.03399983809601,181,
6c4a2070-b534-47fc-ab1a-2ed0c8a6b73e_delivery_3,input/6c4a2070-b534-47fc-ab1a-2ed0c8a6b73e_delivery_3.mp4,output/features/6c4a2070-b534-47fc-ab1a-2ed0c8a6b73e_delivery_3_features.csv,output/keypoints/6c4a2070-b534-47fc-ab1a-2ed0c8a6b73e_delivery_3_keypoints.csv,output/training/6c4a2070-b534-47fc-ab1a-2ed0c8a6b73e_delivery_3_phase_labels.csv,manual,train,207,60.038285283369106,180,
71b3801d-294d-45ab-b431-ffee076bddbd_delivery_4,input/71b3801d-294d-45ab-b431-ffee076bddbd_delivery_4.mp4,output/features/71b3801d-294d-45ab-b431-ffee076bddbd_delivery_4_features.csv,output/keypoints/71b3801d-294d-45ab-b431-ffee076bddbd_delivery_4_keypoints.csv,output/training/71b3801d-294d-45ab-b431-ffee076bddbd_delivery_4_phase_labels.csv,manual,test,231,58.21279169396704,175,
77417906-e1c4-4717-9419-5bf7bda6f076_delivery_1,input/77417906-e1c4-4717-9419-5bf7bda6f076_delivery_1.mp4,output/features/77417906-e1c4-4717-9419-5bf7bda6f076_delivery_1_features.csv,output/keypoints/77417906-e1c4-4717-9419-5bf7bda6f076_delivery_1_keypoints.csv,output/training/77417906-e1c4-4717-9419-5bf7bda6f076_delivery_1_phase_labels.csv,manual,train,80,29.808727332946923,80,
89364d92-73c7-42d3-8ab3-f3cac42cce44_delivery_7,input/89364d92-73c7-42d3-8ab3-f3cac42cce44_delivery_7.mp4,output/features/89364d92-73c7-42d3-8ab3-f3cac42cce44_delivery_7_features.csv,output/keypoints/89364d92-73c7-42d3-8ab3-f3cac42cce44_delivery_7_keypoints.csv,output/training/89364d92-73c7-42d3-8ab3-f3cac42cce44_delivery_7_phase_labels.csv,manual,train,198,60.02546534893591,182,
8a5a45f1-f089-4401-9911-ceb005ec8671_delivery_1,input/8a5a45f1-f089-4401-9911-ceb005ec8671_delivery_1.mp4,output/features/8a5a45f1-f089-4401-9911-ceb005ec8671_delivery_1_features.csv,output/keypoints/8a5a45f1-f089-4401-9911-ceb005ec8671_delivery_1_keypoints.csv,output/training/8a5a45f1-f089-4401-9911-ceb005ec8671_delivery_1_phase_labels.csv,manual,train,180,27.415156858696868,180,
8c22159b-91b8-48b9-9696-ce3925b7a484_delivery_1,input/8c22159b-91b8-48b9-9696-ce3925b7a484_delivery_1.mp4,output/features/8c22159b-91b8-48b9-9696-ce3925b7a484_delivery_1_features.csv,output/keypoints/8c22159b-91b8-48b9-9696-ce3925b7a484_delivery_1_keypoints.csv,output/training/8c22159b-91b8-48b9-9696-ce3925b7a484_delivery_1_phase_labels.csv,manual,train,252,50.258717161756394,252,
970a5984-8294-4ed3-9a12-c76d7a27f97f_delivery_2,input/970a5984-8294-4ed3-9a12-c76d7a27f97f_delivery_2.mp4,output/features/970a5984-8294-4ed3-9a12-c76d7a27f97f_delivery_2_features.csv,output/keypoints/970a5984-8294-4ed3-9a12-c76d7a27f97f_delivery_2_keypoints.csv,output/training/970a5984-8294-4ed3-9a12-c76d7a27f97f_delivery_2_phase_labels.csv,manual,train,118,29.90563673380886,118,
9d43c8ca-67d4-49a5-b3ca-7930ad933230_delivery_1,input/9d43c8ca-67d4-49a5-b3ca-7930ad933230_delivery_1.mp4,output/features/9d43c8ca-67d4-49a5-b3ca-7930ad933230_delivery_1_features.csv,output/keypoints/9d43c8ca-67d4-49a5-b3ca-7930ad933230_delivery_1_keypoints.csv,output/training/9d43c8ca-67d4-49a5-b3ca-7930ad933230_delivery_1_phase_labels.csv,manual,train,108,30.00815036182667,91,
9d43c8ca-67d4-49a5-b3ca-7930ad933230_delivery_2,input/9d43c8ca-67d4-49a5-b3ca-7930ad933230_delivery_2.mp4,output/features/9d43c8ca-67d4-49a5-b3ca-7930ad933230_delivery_2_features.csv,output/keypoints/9d43c8ca-67d4-49a5-b3ca-7930ad933230_delivery_2_keypoints.csv,output/training/9d43c8ca-67d4-49a5-b3ca-7930ad933230_delivery_2_phase_labels.csv,manual,train,117,30.007437740978535,91,
9d43c8ca-67d4-49a5-b3ca-7930ad933230_delivery_3,input/9d43c8ca-67d4-49a5-b3ca-7930ad933230_delivery_3.mp4,output/features/9d43c8ca-67d4-49a5-b3ca-7930ad933230_delivery_3_features.csv,output/keypoints/9d43c8ca-67d4-49a5-b3ca-7930ad933230_delivery_3_keypoints.csv,output/training/9d43c8ca-67d4-49a5-b3ca-7930ad933230_delivery_3_phase_labels.csv,manual,train,104,30.007117072639023,91,
9d43c8ca-67d4-49a5-b3ca-7930ad933230_delivery_9,input/9d43c8ca-67d4-49a5-b3ca-7930ad933230_delivery_9.mp4,output/features/9d43c8ca-67d4-49a5-b3ca-7930ad933230_delivery_9_features.csv,output/keypoints/9d43c8ca-67d4-49a5-b3ca-7930ad933230_delivery_9_keypoints.csv,output/training/9d43c8ca-67d4-49a5-b3ca-7930ad933230_delivery_9_phase_labels.csv,manual,train,128,30.00765820443759,91,
9fbcf9db-53e4-450a-ad35-217b61a7b20d_delivery_6,input/9fbcf9db-53e4-450a-ad35-217b61a7b20d_delivery_6.mp4,output/features/9fbcf9db-53e4-450a-ad35-217b61a7b20d_delivery_6_features.csv,output/keypoints/9fbcf9db-53e4-450a-ad35-217b61a7b20d_delivery_6_keypoints.csv,output/training/9fbcf9db-53e4-450a-ad35-217b61a7b20d_delivery_6_phase_labels.csv,manual,train,147,29.900602532171963,147,
a3995f18-4d84-4167-bcb9-315280a79673_delivery_5,input/a3995f18-4d84-4167-bcb9-315280a79673_delivery_5.mp4,output/features/a3995f18-4d84-4167-bcb9-315280a79673_delivery_5_features.csv,output/keypoints/a3995f18-4d84-4167-bcb9-315280a79673_delivery_5_keypoints.csv,output/training/a3995f18-4d84-4167-bcb9-315280a79673_delivery_5_phase_labels.csv,manual,train,149,60.025245517130244,149,
b2a503a6-a533-4248-8f91-0f3278df91df_delivery_1,input/b2a503a6-a533-4248-8f91-0f3278df91df_delivery_1.mp4,output/features/b2a503a6-a533-4248-8f91-0f3278df91df_delivery_1_features.csv,output/keypoints/b2a503a6-a533-4248-8f91-0f3278df91df_delivery_1_keypoints.csv,output/training/b2a503a6-a533-4248-8f91-0f3278df91df_delivery_1_phase_labels.csv,manual,train,138,58.122937969441,138,
b782f0fb-af7e-49aa-8dfa-ce8a8274e3eb_delivery_3,input/b782f0fb-af7e-49aa-8dfa-ce8a8274e3eb_delivery_3.mp4,output/features/b782f0fb-af7e-49aa-8dfa-ce8a8274e3eb_delivery_3_features.csv,output/keypoints/b782f0fb-af7e-49aa-8dfa-ce8a8274e3eb_delivery_3_keypoints.csv,output/training/b782f0fb-af7e-49aa-8dfa-ce8a8274e3eb_delivery_3_phase_labels.csv,manual,train,233,60.025590308887054,182,
bc045598-84d4-4cb3-9e2d-f1edb9b806f7_delivery_12,input/bc045598-84d4-4cb3-9e2d-f1edb9b806f7_delivery_12.mp4,output/features/bc045598-84d4-4cb3-9e2d-f1edb9b806f7_delivery_12_features.csv,output/keypoints/bc045598-84d4-4cb3-9e2d-f1edb9b806f7_delivery_12_keypoints.csv,output/training/bc045598-84d4-4cb3-9e2d-f1edb9b806f7_delivery_12_phase_labels.csv,manual,excluded_too_short,39,29.9036438143759,39,
c205fd81-5a0b-458a-939f-c45fdfc8d6e5_delivery_1,input/c205fd81-5a0b-458a-939f-c45fdfc8d6e5_delivery_1.mp4,output/features/c205fd81-5a0b-458a-939f-c45fdfc8d6e5_delivery_1_features.csv,output/keypoints/c205fd81-5a0b-458a-939f-c45fdfc8d6e5_delivery_1_keypoints.csv,output/training/c205fd81-5a0b-458a-939f-c45fdfc8d6e5_delivery_1_phase_labels.csv,manual,train,89,29.674030222314425,89,
c205fd81-5a0b-458a-939f-c45fdfc8d6e5_delivery_2,input/c205fd81-5a0b-458a-939f-c45fdfc8d6e5_delivery_2.mp4,output/features/c205fd81-5a0b-458a-939f-c45fdfc8d6e5_delivery_2_features.csv,output/keypoints/c205fd81-5a0b-458a-939f-c45fdfc8d6e5_delivery_2_keypoints.csv,output/training/c205fd81-5a0b-458a-939f-c45fdfc8d6e5_delivery_2_phase_labels.csv,manual,train,110,27.738085231570984,110,
c44abd22-0712-47a2-9654-07fc4ac380bb_delivery_6,input/c44abd22-0712-47a2-9654-07fc4ac380bb_delivery_6.mp4,output/features/c44abd22-0712-47a2-9654-07fc4ac380bb_delivery_6_features.csv,output/keypoints/c44abd22-0712-47a2-9654-07fc4ac380bb_delivery_6_keypoints.csv,output/training/c44abd22-0712-47a2-9654-07fc4ac380bb_delivery_6_phase_labels.csv,manual,train,202,60.01069497534214,181,
c84b9ad5-2640-4fe2-b9b8-0145d58c17f9_delivery_2,input/c84b9ad5-2640-4fe2-b9b8-0145d58c17f9_delivery_2.mp4,output/features/c84b9ad5-2640-4fe2-b9b8-0145d58c17f9_delivery_2_features.csv,output/keypoints/c84b9ad5-2640-4fe2-b9b8-0145d58c17f9_delivery_2_keypoints.csv,output/training/c84b9ad5-2640-4fe2-b9b8-0145d58c17f9_delivery_2_phase_labels.csv,manual,train,217,60.008296077798775,181,
camera2_clip_20260308_162424_74335,input/camera2_clip_20260308_162424_74335.mp4,output/features/camera2_clip_20260308_162424_74335_features.csv,output/keypoints/camera2_clip_20260308_162424_74335_keypoints.csv,,unlabeled_assumed_no_phase_by_original_trainer,train,190,30.109344461465323,190,
camera2_clip_20260318_190437_156428,input/camera2_clip_20260318_190437_156428.mp4,output/features/camera2_clip_20260318_190437_156428_features.csv,output/keypoints/camera2_clip_20260318_190437_156428_keypoints.csv,,unlabeled_assumed_no_phase_by_original_trainer,train,207,29.9119019827272,207,
camera2_clip_20260318_190437_278671,input/camera2_clip_20260318_190437_278671.mp4,output/features/camera2_clip_20260318_190437_278671_features.csv,output/keypoints/camera2_clip_20260318_190437_278671_keypoints.csv,,unlabeled_assumed_no_phase_by_original_trainer,train,202,29.90608699085216,202,
camera2_clip_20260318_200417_649384,input/camera2_clip_20260318_200417_649384.mp4,output/features/camera2_clip_20260318_200417_649384_features.csv,output/keypoints/camera2_clip_20260318_200417_649384_keypoints.csv,,unlabeled_assumed_no_phase_by_original_trainer,train,187,29.90054471224057,187,
camera2_clip_20260408_191227_91706,input/camera2_clip_20260408_191227_91706.mp4,output/features/camera2_clip_20260408_191227_91706_features.csv,output/keypoints/camera2_clip_20260408_191227_91706_keypoints.csv,,unlabeled_assumed_no_phase_by_original_trainer,train,192,29.903799063083518,192,
camera2_clip_20260408_192238_174043,input/camera2_clip_20260408_192238_174043.mp4,output/features/camera2_clip_20260408_192238_174043_features.csv,output/keypoints/camera2_clip_20260408_192238_174043_keypoints.csv,,unlabeled_assumed_no_phase_by_original_trainer,train,194,29.902739029239946,194,
camera2_clip_20260408_192937_211753,input/camera2_clip_20260408_192937_211753.mp4,output/features/camera2_clip_20260408_192937_211753_features.csv,output/keypoints/camera2_clip_20260408_192937_211753_keypoints.csv,,unlabeled_assumed_no_phase_by_original_trainer,train,183,29.907336285933745,183,
camera2_clip_20260524_093937_47384,input/camera2_clip_20260524_093937_47384.mp4,output/features/camera2_clip_20260524_093937_47384_features.csv,output/keypoints/camera2_clip_20260524_093937_47384_keypoints.csv,,unlabeled_assumed_no_phase_by_original_trainer,train,192,30.011879702382192,192,
camera2_clip_20260524_093938_62712,input/camera2_clip_20260524_093938_62712.mp4,output/features/camera2_clip_20260524_093938_62712_features.csv,output/keypoints/camera2_clip_20260524_093938_62712_keypoints.csv,,unlabeled_assumed_no_phase_by_original_trainer,train,182,30.01198280632194,182,
camera2_clip_20260527_112309_4642,input/camera2_clip_20260527_112309_4642.mp4,output/features/camera2_clip_20260527_112309_4642_features.csv,output/keypoints/camera2_clip_20260527_112309_4642_keypoints.csv,,unlabeled_assumed_no_phase_by_original_trainer,train,169,30.012845734762216,169,
camera2_clip_20260528_123150_12473,input/camera2_clip_20260528_123150_12473.mp4,output/features/camera2_clip_20260528_123150_12473_features.csv,output/keypoints/camera2_clip_20260528_123150_12473_keypoints.csv,,unlabeled_assumed_no_phase_by_original_trainer,train,180,29.44201921364365,180,
camera2_clip_20260529_170016_1433,input/camera2_clip_20260529_170016_1433.mp4,output/features/camera2_clip_20260529_170016_1433_features.csv,output/keypoints/camera2_clip_20260529_170016_1433_keypoints.csv,,unlabeled_assumed_no_phase_by_original_trainer,train,193,29.917893725165307,193,
camera2_clip_20260530_072246_48360,input/camera2_clip_20260530_072246_48360.mp4,output/features/camera2_clip_20260530_072246_48360_features.csv,output/keypoints/camera2_clip_20260530_072246_48360_keypoints.csv,,unlabeled_assumed_no_phase_by_original_trainer,train,187,29.920797887943678,187,
camera2_clip_20260530_072726_24862,input/camera2_clip_20260530_072726_24862.mp4,output/features/camera2_clip_20260530_072726_24862_features.csv,output/keypoints/camera2_clip_20260530_072726_24862_keypoints.csv,,unlabeled_assumed_no_phase_by_original_trainer,train,204,29.925918681694824,204,
camera2_clip_20260530_072726_46948,input/camera2_clip_20260530_072726_46948.mp4,output/features/camera2_clip_20260530_072726_46948_features.csv,output/keypoints/camera2_clip_20260530_072726_46948_keypoints.csv,,unlabeled_assumed_no_phase_by_original_trainer,train,205,29.927152930184576,205,
camera2_clip_20260530_174735_1594,input/camera2_clip_20260530_174735_1594.mp4,output/features/camera2_clip_20260530_174735_1594_features.csv,output/keypoints/camera2_clip_20260530_174735_1594_keypoints.csv,,unlabeled_assumed_no_phase_by_original_trainer,train,143,28.795360523731002,143,
camera2_clip_20260531_093203_23097,input/camera2_clip_20260531_093203_23097.mp4,output/features/camera2_clip_20260531_093203_23097_features.csv,output/keypoints/camera2_clip_20260531_093203_23097_keypoints.csv,,unlabeled_assumed_no_phase_by_original_trainer,train,183,29.988474375058036,183,
camera2_clip_20260531_161804_1160,input/camera2_clip_20260531_161804_1160.mp4,output/features/camera2_clip_20260531_161804_1160_features.csv,output/keypoints/camera2_clip_20260531_161804_1160_keypoints.csv,,unlabeled_assumed_no_phase_by_original_trainer,train,185,29.993514915693904,185,
camera2_clip_20260531_165921_1203,input/camera2_clip_20260531_165921_1203.mp4,output/features/camera2_clip_20260531_165921_1203_features.csv,output/keypoints/camera2_clip_20260531_165921_1203_keypoints.csv,,unlabeled_assumed_no_phase_by_original_trainer,train,146,28.631817488505874,146,
camera2_clip_20260531_180828_3886,input/camera2_clip_20260531_180828_3886.mp4,output/features/camera2_clip_20260531_180828_3886_features.csv,output/keypoints/camera2_clip_20260531_180828_3886_keypoints.csv,,unlabeled_assumed_no_phase_by_original_trainer,test,142,29.39437918749152,142,
camera2_clip_20260601_090824_4131,input/camera2_clip_20260601_090824_4131.mp4,output/features/camera2_clip_20260601_090824_4131_features.csv,output/keypoints/camera2_clip_20260601_090824_4131_keypoints.csv,,unlabeled_assumed_no_phase_by_original_trainer,train,84,28.647214854111407,84,
camera2_clip_20260601_155515_6106,input/camera2_clip_20260601_155515_6106.mp4,output/features/camera2_clip_20260601_155515_6106_features.csv,output/keypoints/camera2_clip_20260601_155515_6106_keypoints.csv,,unlabeled_assumed_no_phase_by_original_trainer,train,80,30.020013342228154,80,
camera2_clip_20260601_174715_574949,input/camera2_clip_20260601_174715_574949.mp4,output/features/camera2_clip_20260601_174715_574949_features.csv,output/keypoints/camera2_clip_20260601_174715_574949_keypoints.csv,,unlabeled_assumed_no_phase_by_original_trainer,train,195,30.027974779923177,195,
camera2_clip_20260601_184452_6964,input/camera2_clip_20260601_184452_6964.mp4,output/features/camera2_clip_20260601_184452_6964_features.csv,output/keypoints/camera2_clip_20260601_184452_6964_keypoints.csv,,unlabeled_assumed_no_phase_by_original_trainer,train,89,29.75925100312082,89,
camera2_clip_20260602_155415_5174,input/camera2_clip_20260602_155415_5174.mp4,output/features/camera2_clip_20260602_155415_5174_features.csv,output/keypoints/camera2_clip_20260602_155415_5174_keypoints.csv,,unlabeled_assumed_no_phase_by_original_trainer,train,87,30.020013342228154,87,
camera2_clip_20260604_162209_31061,input/camera2_clip_20260604_162209_31061.mp4,output/features/camera2_clip_20260604_162209_31061_features.csv,output/keypoints/camera2_clip_20260604_162209_31061_keypoints.csv,,unlabeled_assumed_no_phase_by_original_trainer,train,210,29.923291878755254,210,
camera2_clip_20260604_162209_5829,input/camera2_clip_20260604_162209_5829.mp4,output/features/camera2_clip_20260604_162209_5829_features.csv,output/keypoints/camera2_clip_20260604_162209_5829_keypoints.csv,,unlabeled_assumed_no_phase_by_original_trainer,train,205,29.924483255264764,205,
camera2_clip_20260606_174905_16125,input/camera2_clip_20260606_174905_16125.mp4,output/features/camera2_clip_20260606_174905_16125_features.csv,output/keypoints/camera2_clip_20260606_174905_16125_keypoints.csv,,unlabeled_assumed_no_phase_by_original_trainer,train,127,30.029556650246306,127,
camera2_clip_20260606_214146_28201,input/camera2_clip_20260606_214146_28201.mp4,output/features/camera2_clip_20260606_214146_28201_features.csv,output/keypoints/camera2_clip_20260606_214146_28201_keypoints.csv,,unlabeled_assumed_no_phase_by_original_trainer,train,186,29.907330154414012,186,
camera2_clip_20260608_174532_4908,input/camera2_clip_20260608_174532_4908.mp4,output/features/camera2_clip_20260608_174532_4908_features.csv,output/keypoints/camera2_clip_20260608_174532_4908_keypoints.csv,,unlabeled_assumed_no_phase_by_original_trainer,test,208,30.027621562142098,208,
camera2_clip_20260608_182314_91546,input/camera2_clip_20260608_182314_91546.mp4,output/features/camera2_clip_20260608_182314_91546_features.csv,output/keypoints/camera2_clip_20260608_182314_91546_keypoints.csv,,unlabeled_assumed_no_phase_by_original_trainer,train,206,29.82985398817425,206,
camera2_clip_20260609_174330_7268,input/camera2_clip_20260609_174330_7268.mp4,output/features/camera2_clip_20260609_174330_7268_features.csv,output/keypoints/camera2_clip_20260609_174330_7268_keypoints.csv,,unlabeled_assumed_no_phase_by_original_trainer,train,173,29.959995612794476,173,
camera2_clip_20260609_183427_18983,input/camera2_clip_20260609_183427_18983.mp4,output/features/camera2_clip_20260609_183427_18983_features.csv,output/keypoints/camera2_clip_20260609_183427_18983_keypoints.csv,,unlabeled_assumed_no_phase_by_original_trainer,train,206,29.870801533174472,206,
camera2_clip_20260614_182154_35444,input/camera2_clip_20260614_182154_35444.mp4,output/features/camera2_clip_20260614_182154_35444_features.csv,output/keypoints/camera2_clip_20260614_182154_35444_keypoints.csv,,unlabeled_assumed_no_phase_by_original_trainer,train,194,30.000824764941992,194,
camera2_clip_20260614_182155_117578,input/camera2_clip_20260614_182155_117578.mp4,output/features/camera2_clip_20260614_182155_117578_features.csv,output/keypoints/camera2_clip_20260614_182155_117578_keypoints.csv,,unlabeled_assumed_no_phase_by_original_trainer,train,198,30.000808102575153,198,
cd2f53f9-1ce2-4a75-9f1a-6309ba7c5b50_delivery_1,input/cd2f53f9-1ce2-4a75-9f1a-6309ba7c5b50_delivery_1.mp4,output/features/cd2f53f9-1ce2-4a75-9f1a-6309ba7c5b50_delivery_1_features.csv,output/keypoints/cd2f53f9-1ce2-4a75-9f1a-6309ba7c5b50_delivery_1_keypoints.csv,,unlabeled_assumed_no_phase_by_original_trainer,excluded_too_short,73,29.89611441520561,73,
cda3cfaa-53c1-4fc8-aa6b-3b840f7011ff_delivery_1,input/cda3cfaa-53c1-4fc8-aa6b-3b840f7011ff_delivery_1.mp4,output/features/cda3cfaa-53c1-4fc8-aa6b-3b840f7011ff_delivery_1_features.csv,output/keypoints/cda3cfaa-53c1-4fc8-aa6b-3b840f7011ff_delivery_1_keypoints.csv,,unlabeled_assumed_no_phase_by_original_trainer,test,111,29.914030848282863,89,
d0af424c-4a9e-4411-b2c2-05526f9e2f7f_delivery_12,input/d0af424c-4a9e-4411-b2c2-05526f9e2f7f_delivery_12.mp4,output/features/d0af424c-4a9e-4411-b2c2-05526f9e2f7f_delivery_12_features.csv,output/keypoints/d0af424c-4a9e-4411-b2c2-05526f9e2f7f_delivery_12_keypoints.csv,,unlabeled_assumed_no_phase_by_original_trainer,test,277,59.5790037186093,277,
d0af424c-4a9e-4411-b2c2-05526f9e2f7f_delivery_17,input/d0af424c-4a9e-4411-b2c2-05526f9e2f7f_delivery_17.mp4,output/features/d0af424c-4a9e-4411-b2c2-05526f9e2f7f_delivery_17_features.csv,output/keypoints/d0af424c-4a9e-4411-b2c2-05526f9e2f7f_delivery_17_keypoints.csv,,unlabeled_assumed_no_phase_by_original_trainer,train,290,59.80422708192033,290,
d0af424c-4a9e-4411-b2c2-05526f9e2f7f_delivery_22,input/d0af424c-4a9e-4411-b2c2-05526f9e2f7f_delivery_22.mp4,output/features/d0af424c-4a9e-4411-b2c2-05526f9e2f7f_delivery_22_features.csv,output/keypoints/d0af424c-4a9e-4411-b2c2-05526f9e2f7f_delivery_22_keypoints.csv,,unlabeled_assumed_no_phase_by_original_trainer,train,254,60.01008043345864,254,
d0af424c-4a9e-4411-b2c2-05526f9e2f7f_delivery_2,input/d0af424c-4a9e-4411-b2c2-05526f9e2f7f_delivery_2.mp4,output/features/d0af424c-4a9e-4411-b2c2-05526f9e2f7f_delivery_2_features.csv,output/keypoints/d0af424c-4a9e-4411-b2c2-05526f9e2f7f_delivery_2_keypoints.csv,,unlabeled_assumed_no_phase_by_original_trainer,train,246,60.008781772942385,246,
d1f30786-ebcb-4cb2-ae50-e34eba0af68e_delivery_9,input/d1f30786-ebcb-4cb2-ae50-e34eba0af68e_delivery_9.mp4,output/features/d1f30786-ebcb-4cb2-ae50-e34eba0af68e_delivery_9_features.csv,output/keypoints/d1f30786-ebcb-4cb2-ae50-e34eba0af68e_delivery_9_keypoints.csv,,unlabeled_assumed_no_phase_by_original_trainer,excluded_too_short,55,29.87939589294122,55,
d36809d4-cae5-4680-96d9-ccb64afe7f35_delivery_2,input/d36809d4-cae5-4680-96d9-ccb64afe7f35_delivery_2.mp4,output/features/d36809d4-cae5-4680-96d9-ccb64afe7f35_delivery_2_features.csv,output/keypoints/d36809d4-cae5-4680-96d9-ccb64afe7f35_delivery_2_keypoints.csv,,unlabeled_assumed_no_phase_by_original_trainer,test,137,58.5222769105174,137,
d62173bf-f836-4738-a7fb-22a64611af02_delivery_7,input/d62173bf-f836-4738-a7fb-22a64611af02_delivery_7.mp4,output/features/d62173bf-f836-4738-a7fb-22a64611af02_delivery_7_features.csv,output/keypoints/d62173bf-f836-4738-a7fb-22a64611af02_delivery_7_keypoints.csv,,unlabeled_assumed_no_phase_by_original_trainer,train,163,51.9413385074035,156,
dbaac1cb-ecef-4650-a767-3c716a86af39_delivery_1,input/dbaac1cb-ecef-4650-a767-3c716a86af39_delivery_1.mp4,output/features/dbaac1cb-ecef-4650-a767-3c716a86af39_delivery_1_features.csv,output/keypoints/dbaac1cb-ecef-4650-a767-3c716a86af39_delivery_1_keypoints.csv,,unlabeled_assumed_no_phase_by_original_trainer,train,121,30.019103065587192,121,
e0f3a7a0-f933-419b-844b-9e9b22f18db5_delivery_10,input/e0f3a7a0-f933-419b-844b-9e9b22f18db5_delivery_10.mp4,output/features/e0f3a7a0-f933-419b-844b-9e9b22f18db5_delivery_10_features.csv,output/keypoints/e0f3a7a0-f933-419b-844b-9e9b22f18db5_delivery_10_keypoints.csv,,unlabeled_assumed_no_phase_by_original_trainer,train,104,30.05008347245409,104,
ecfa47cb-ce9d-4ea1-b098-ab201b432253_delivery_9,input/ecfa47cb-ce9d-4ea1-b098-ab201b432253_delivery_9.mp4,output/features/ecfa47cb-ce9d-4ea1-b098-ab201b432253_delivery_9_features.csv,output/keypoints/ecfa47cb-ce9d-4ea1-b098-ab201b432253_delivery_9_keypoints.csv,,unlabeled_assumed_no_phase_by_original_trainer,test,82,29.902512945600115,82,
ed7525a9-fbb6-4a21-bdbd-71bcf0d779f9_delivery_8,input/ed7525a9-fbb6-4a21-bdbd-71bcf0d779f9_delivery_8.mp4,output/features/ed7525a9-fbb6-4a21-bdbd-71bcf0d779f9_delivery_8_features.csv,output/keypoints/ed7525a9-fbb6-4a21-bdbd-71bcf0d779f9_delivery_8_keypoints.csv,,unlabeled_assumed_no_phase_by_original_trainer,train,113,50.623208028034405,113,
f241dac4-644d-47f1-9b40-58f3adbeb395_delivery_3,input/f241dac4-644d-47f1-9b40-58f3adbeb395_delivery_3.mp4,output/features/f241dac4-644d-47f1-9b40-58f3adbeb395_delivery_3_features.csv,output/keypoints/f241dac4-644d-47f1-9b40-58f3adbeb395_delivery_3_keypoints.csv,,unlabeled_assumed_no_phase_by_original_trainer,train,95,30.0078968149513,95,bat_arm_extension;ear_separation;eye_separation;left_arm_length;left_forearm_length;left_shoulder_wrist_dist;right_arm_length;right_forearm_length;right_shoulder_wrist_dist
f8f1aab8-1b0d-4522-b523-ebe57c821251_delivery_1,input/f8f1aab8-1b0d-4522-b523-ebe57c821251_delivery_1.mp4,output/features/f8f1aab8-1b0d-4522-b523-ebe57c821251_delivery_1_features.csv,output/keypoints/f8f1aab8-1b0d-4522-b523-ebe57c821251_delivery_1_keypoints.csv,,unlabeled_assumed_no_phase_by_original_trainer,train,86,29.89144077516925,86,bat_arm_extension;ear_separation;eye_separation;left_arm_length;left_forearm_length;left_shoulder_wrist_dist;right_arm_length;right_forearm_length;right_shoulder_wrist_dist
f9d72144-dc14-4d56-afe4-1da4a9e4b6d9_delivery_1,input/f9d72144-dc14-4d56-afe4-1da4a9e4b6d9_delivery_1.mp4,output/features/f9d72144-dc14-4d56-afe4-1da4a9e4b6d9_delivery_1_features.csv,output/keypoints/f9d72144-dc14-4d56-afe4-1da4a9e4b6d9_delivery_1_keypoints.csv,,unlabeled_assumed_no_phase_by_original_trainer,excluded_too_short,63,30.303192256919765,63,
multi_pose_delivery_15,input/test/multi_pose_delivery_15.mp4,output/features/multi_pose_delivery_15_features.csv,output/keypoints/multi_pose_delivery_15_keypoints.csv,,unlabeled_assumed_no_phase_by_original_trainer,train,88,29.9,88,
WhatsApp Video 2026-07-18 at 13.03.46,input/test/WhatsApp Video 2026-07-18 at 13.03.46.mp4,output/features/WhatsApp Video 2026-07-18 at 13.03.46_features.csv,output/keypoints/WhatsApp Video 2026-07-18 at 13.03.46_keypoints.csv,,unlabeled_assumed_no_phase_by_original_trainer,train,107,30.0,107,bat_arm_extension;ear_separation;eye_separation;left_arm_length;left_forearm_length;left_shoulder_wrist_dist;right_arm_length;right_forearm_length;right_shoulder_wrist_dist
WhatsApp Video 2026-07-18 at 13.03.48,input/test/WhatsApp Video 2026-07-18 at 13.03.48.mp4,output/features/WhatsApp Video 2026-07-18 at 13.03.48_features.csv,output/keypoints/WhatsApp Video 2026-07-18 at 13.03.48_keypoints.csv,,unlabeled_assumed_no_phase_by_original_trainer,train,107,30.0,107,bat_arm_extension;ear_separation;eye_separation;left_arm_length;left_forearm_length;left_shoulder_wrist_dist;right_arm_length;right_forearm_length;right_shoulder_wrist_dist
WhatsApp Video 2026-07-18 at 13.03.50,input/test/WhatsApp Video 2026-07-18 at 13.03.50.mp4,output/features/WhatsApp Video 2026-07-18 at 13.03.50_features.csv,output/keypoints/WhatsApp Video 2026-07-18 at 13.03.50_keypoints.csv,,unlabeled_assumed_no_phase_by_original_trainer,train,107,30.0,107,bat_arm_extension;ear_separation;eye_separation;left_arm_length;left_forearm_length;left_shoulder_wrist_dist;right_arm_length;right_forearm_length;right_shoulder_wrist_dist
