video_id,frame_no,fps,nose_x,nose_y,left_eye_x,left_eye_y,right_eye_x,right_eye_y,left_ear_x,left_ear_y,right_ear_x,right_ear_y,left_shoulder_x,left_shoulder_y,right_shoulder_x,right_shoulder_y,left_elbow_x,left_elbow_y,right_elbow_x,right_elbow_y,left_wrist_x,left_wrist_y,right_wrist_x,right_wrist_y,left_hip_x,left_hip_y,right_hip_x,right_hip_y,left_knee_x,left_knee_y,right_knee_x,right_knee_y,left_ankle_x,left_ankle_y,right_ankle_x,right_ankle_y
9d43c8ca-67d4-49a5-b3ca-7930ad933230_delivery_3,0,30.007117072639023,270.1518249511719,323.98785400390625,271.4168701171875,321.30059814453125,267.2733459472656,322.5325012207031,275.57940673828125,321.0351257324219,266.0229797363281,323.7139892578125,282.4297790527344,330.7893981933594,274.3324279785156,332.42315673828125,283.2161865234375,349.7982177734375,276.6285400390625,347.6665344238281,281.7607116699219,364.9639892578125,276.68463134765625,356.8893127441406,295.8590393066406,355.1081237792969,290.54986572265625,355.7283935546875,281.05267333984375,375.95294189453125,280.177001953125,376.3154602050781,290.86553955078125,399.9852294921875,289.6784973144531,398.5224609375
9d43c8ca-67d4-49a5-b3ca-7930ad933230_delivery_3,1,30.007117072639023,270.3585205078125,323.72698974609375,271.6468505859375,321.04180908203125,267.4796142578125,322.2510681152344,275.7641296386719,320.8167419433594,266.1584167480469,323.4399719238281,282.4211730957031,330.6617431640625,274.3837890625,332.294921875,283.2164306640625,349.6183166503906,276.88677978515625,347.8158264160156,281.78973388671875,364.88323974609375,277.2259826660156,357.8970947265625,295.8588562011719,355.1029357910156,290.57080078125,355.73138427734375,280.9698486328125,376.0154113769531,280.09808349609375,376.41619873046875,291.0538635253906,400.0363464355469,289.6229248046875,398.6325378417969
9d43c8ca-67d4-49a5-b3ca-7930ad933230_delivery_3,2,30.007117072639023,270.5655212402344,323.399169921875,271.89764404296875,320.72613525390625,267.6898498535156,321.9151306152344,276.0092468261719,320.60589599609375,266.3304138183594,323.1795349121094,282.468017578125,330.5426940917969,274.4801025390625,332.15203857421875,283.1770935058594,349.5218811035156,276.89935302734375,347.7277526855469,281.6432800292969,364.7491149902344,277.0682678222656,357.8500671386719,295.8608703613281,355.07769775390625,290.60906982421875,355.6989440917969,280.90765380859375,376.03485107421875,280.1006774902344,376.4506530761719,291.12615966796875,400.0647277832031,289.6674499511719,398.6664123535156
9d43c8ca-67d4-49a5-b3ca-7930ad933230_delivery_3,3,30.007117072639023,270.90496826171875,322.8533630371094,272.2775573730469,320.2033386230469,268.0381774902344,321.3617858886719,276.3740234375,320.2106018066406,266.6562805175781,322.70513916015625,282.54010009765625,330.26531982421875,274.80670166015625,331.8017272949219,283.0570068359375,349.1930847167969,277.2232971191406,347.5089416503906,281.4068298339844,364.4154357910156,277.3132629394531,358.2779541015625,295.872802734375,354.986328125,290.7886962890625,355.57025146484375,280.85223388671875,376.1184387207031,280.25421142578125,376.4779357910156,291.18414306640625,400.1421203613281,289.82330322265625,398.65533447265625
9d43c8ca-67d4-49a5-b3ca-7930ad933230_delivery_3,4,30.007117072639023,271.21527099609375,322.3106689453125,272.6578674316406,319.6854553222656,268.4224853515625,320.8066711425781,276.7882080078125,319.7685852050781,267.0785217285156,322.1769104003906,282.703125,329.9022216796875,274.8964538574219,331.31072998046875,283.01910400390625,348.7923583984375,276.9736633300781,346.3024597167969,281.2116394042969,363.8439025878906,276.93963623046875,355.7170715332031,295.90576171875,354.828369140625,290.7921447753906,355.3819580078125,280.9007263183594,376.1543884277344,280.36248779296875,376.4964904785156,291.2084655761719,400.1920166015625,289.9422912597656,398.5789794921875
9d43c8ca-67d4-49a5-b3ca-7930ad933230_delivery_3,5,30.007117072639023,271.5775451660156,321.6976318359375,273.0870666503906,319.092041015625,268.8240661621094,320.1956481933594,277.2568054199219,319.2569885253906,267.5090026855469,321.65252685546875,282.89373779296875,329.4219970703125,275.2033996582031,330.85467529296875,282.9282531738281,348.1537170410156,277.5093994140625,346.0029602050781,280.84539794921875,362.6566467285156,277.2644958496094,356.115234375,295.92333984375,354.60150146484375,290.8536376953125,355.11419677734375,281.0021057128906,376.0452575683594,280.29461669921875,376.1790466308594,291.4486389160156,400.234619140625,290.1171569824219,398.2900390625
9d43c8ca-67d4-49a5-b3ca-7930ad933230_delivery_3,6,30.007117072639023,271.8986511230469,321.1206970214844,273.48175048828125,318.5040588378906,269.1188049316406,319.63067626953125,277.71673583984375,318.70001220703125,267.7375793457031,321.1834716796875,283.1866760253906,328.92138671875,275.2143249511719,330.3954162597656,282.87359619140625,347.7105407714844,277.51226806640625,345.44500732421875,280.4924011230469,361.9533996582031,277.0447082519531,355.5918273925781,295.9302673339844,354.4571838378906,290.6664123535156,354.9598083496094,281.1737060546875,375.72088623046875,280.2303771972656,375.7540588378906,291.40667724609375,400.1993103027344,290.2108154296875,398.0780944824219
9d43c8ca-67d4-49a5-b3ca-7930ad933230_delivery_3,7,30.007117072639023,272.19873046875,320.54888916015625,273.82794189453125,317.921875,269.42156982421875,319.0500183105469,278.11181640625,318.0799560546875,268.022216796875,320.5952453613281,283.4563903808594,328.365234375,275.2703552246094,329.8311767578125,282.9053955078125,347.2750244140625,277.6455383300781,345.1059875488281,280.1232604980469,361.5588073730469,277.0370178222656,356.5976257324219,295.89923095703125,354.2425537109375,290.4921569824219,354.7265625,281.4251708984375,375.51141357421875,280.32489013671875,375.4786376953125,291.4195556640625,400.2960205078125,290.2839050292969,398.125244140625
9d43c8ca-67d4-49a5-b3ca-7930ad933230_delivery_3,8,30.007117072639023,272.513671875,319.8212890625,274.1945495605469,317.2001037597656,269.75994873046875,318.27923583984375,278.48175048828125,317.40118408203125,268.3091125488281,319.8016052246094,283.7336120605469,327.8125,275.12567138671875,329.2330322265625,283.0675964355469,346.8583984375,276.9656066894531,344.5870666503906,279.68109130859375,361.0868835449219,276.1727294921875,355.9336853027344,295.76177978515625,353.9246826171875,290.1016845703125,354.4259033203125,281.7794494628906,375.1936340332031,280.6286315917969,375.23284912109375,291.3455810546875,400.2373046875,290.14788818359375,398.22369384765625
9d43c8ca-67d4-49a5-b3ca-7930ad933230_delivery_3,9,30.007117072639023,272.8536682128906,319.0558166503906,274.527099609375,316.4160461425781,270.0519714355469,317.47882080078125,278.7795104980469,316.62274169921875,268.52667236328125,318.9949035644531,284.0643615722656,327.2123718261719,275.3334045410156,328.7504577636719,283.3174133300781,346.4642028808594,277.4928894042969,345.447998046875,279.1024475097656,360.6639099121094,276.3408508300781,359.2882080078125,295.5782470703125,353.6212158203125,289.81036376953125,354.137939453125,282.10662841796875,374.7996520996094,280.92193603515625,374.8791198730469,291.31915283203125,400.1481628417969,290.041748046875,398.3935852050781
9d43c8ca-67d4-49a5-b3ca-7930ad933230_delivery_3,10,30.007117072639023,273.2746887207031,318.2283020019531,274.8908386230469,315.5912170410156,270.4354553222656,316.6399230957031,279.00128173828125,315.83837890625,268.8338317871094,318.16497802734375,284.30584716796875,326.5312805175781,275.6899108886719,328.0484313964844,283.66278076171875,345.8662414550781,277.6354064941406,344.730712890625,278.9949645996094,360.2083435058594,276.08685302734375,357.93304443359375,295.4294128417969,353.20458984375,289.75311279296875,353.7344055175781,282.4471740722656,374.5772399902344,281.53826904296875,374.796630859375,291.27081298828125,400.1175537109375,290.05621337890625,398.5950012207031
9d43c8ca-67d4-49a5-b3ca-7930ad933230_delivery_3,11,30.007117072639023,273.5738830566406,317.3430480957031,275.13470458984375,314.7526550292969,270.8094787597656,315.74371337890625,279.1938171386719,315.06060791015625,269.35467529296875,317.2309875488281,284.55072021484375,325.76409912109375,276.2674255371094,327.22528076171875,284.1327819824219,344.7982482910156,278.003662109375,343.76226806640625,278.8542175292969,358.7847900390625,275.9794616699219,356.2959899902344,295.1417541503906,352.7306823730469,289.70013427734375,353.2467346191406,282.8988342285156,374.56561279296875,282.3328552246094,374.8583679199219,291.2763977050781,400.1246032714844,290.1637268066406,398.7828674316406
9d43c8ca-67d4-49a5-b3ca-7930ad933230_delivery_3,12,30.007117072639023,273.8150634765625,316.4914855957031,275.33477783203125,313.9362487792969,271.1131591796875,314.88641357421875,279.3798522949219,314.31634521484375,269.8065185546875,316.3787841796875,284.8667297363281,325.0340576171875,276.8341369628906,326.5333251953125,284.7111511230469,343.64739990234375,278.76715087890625,342.92047119140625,278.9012451171875,356.6915283203125,276.2464599609375,354.0104064941406,295.0061950683594,352.2722473144531,289.7131652832031,352.7814636230469,283.3798522949219,374.37640380859375,283.0224914550781,374.69183349609375,291.2590026855469,399.9755859375,290.2292785644531,398.72943115234375
9d43c8ca-67d4-49a5-b3ca-7930ad933230_delivery_3,13,30.007117072639023,274.03118896484375,315.6932373046875,275.5617370605469,313.1593322753906,271.3866271972656,314.0930480957031,279.6908874511719,313.5880126953125,270.2599792480469,315.62255859375,285.1141357421875,324.2474670410156,277.5618591308594,325.82916259765625,285.3440856933594,342.2643127441406,280.07037353515625,342.00567626953125,279.222412109375,354.39093017578125,276.9298400878906,352.6508483886719,294.9237060546875,351.8882141113281,289.9345703125,352.3757019042969,283.72454833984375,374.2924499511719,283.569580078125,374.5758056640625,291.3211975097656,399.9680480957031,290.3830871582031,398.70550537109375
9d43c8ca-67d4-49a5-b3ca-7930ad933230_delivery_3,14,30.007117072639023,274.1492919921875,314.96612548828125,275.70697021484375,312.479248046875,271.6129455566406,313.3783874511719,279.9482421875,313.0050964355469,270.7126159667969,314.9607238769531,285.2842712402344,323.5149841308594,278.0583801269531,325.2443542480469,285.95465087890625,340.7247619628906,280.7248229980469,341.04229736328125,279.7126159667969,351.98260498046875,277.4384460449219,350.6099548339844,294.79888916015625,351.5018005371094,290.0388488769531,352.0375671386719,284.0700378417969,374.2407531738281,284.16131591796875,374.60400390625,291.4700927734375,399.9252624511719,290.5822448730469,398.7422180175781
9d43c8ca-67d4-49a5-b3ca-7930ad933230_delivery_3,15,30.007117072639023,274.1607360839844,314.367919921875,275.78155517578125,311.9017333984375,271.70654296875,312.76055908203125,280.1708068847656,312.47991943359375,270.95526123046875,314.34375,285.4873352050781,322.9612731933594,278.15850830078125,324.7377624511719,286.6036376953125,339.7350158691406,280.87353515625,340.3206787109375,279.9731750488281,350.1775817871094,277.3407897949219,349.0755920410156,294.65631103515625,351.2257995605469,289.8674621582031,351.7799072265625,284.38629150390625,374.1240539550781,284.6900634765625,374.5442199707031,291.5723571777344,399.8479309082031,290.85858154296875,398.78118896484375
9d43c8ca-67d4-49a5-b3ca-7930ad933230_delivery_3,16,30.007117072639023,274.2331237792969,313.8649597167969,275.8851623535156,311.4014587402344,271.8057556152344,312.2415466308594,280.3114318847656,312.0214538574219,271.0812072753906,313.85552978515625,285.6644592285156,322.513427734375,278.1673889160156,324.4096984863281,287.2050476074219,338.977294921875,281.1958923339844,340.0675354003906,280.2818908691406,348.71539306640625,277.3601989746094,348.394287109375,294.64031982421875,350.9027404785156,289.7529602050781,351.4886779785156,284.6940002441406,373.92144775390625,285.0245056152344,374.36920166015625,291.6398620605469,399.7546081542969,290.97369384765625,398.74578857421875
9d43c8ca-67d4-49a5-b3ca-7930ad933230_delivery_3,17,30.007117072639023,274.3849182128906,313.46026611328125,276.0265197753906,310.9995422363281,271.965087890625,311.833984375,280.4083557128906,311.6267395019531,271.2237854003906,313.4578552246094,285.8028869628906,322.11602783203125,278.210205078125,324.05157470703125,287.67864990234375,338.401611328125,281.268310546875,339.5611267089844,280.4866638183594,347.80523681640625,277.34320068359375,347.2586364746094,294.526611328125,350.6159362792969,289.5966491699219,351.2110595703125,284.9776916503906,373.8077087402344,285.31396484375,374.22381591796875,291.68707275390625,399.714111328125,291.0572509765625,398.6329650878906
9d43c8ca-67d4-49a5-b3ca-7930ad933230_delivery_3,18,30.007117072639023,274.5284423828125,313.1959533691406,276.1368103027344,310.73480224609375,272.1167297363281,311.5735778808594,280.4654541015625,311.32904052734375,271.3670959472656,313.1806335449219,286.0459289550781,321.8538818359375,278.1899108886719,323.791015625,288.0888366699219,338.1539306640625,281.3822021484375,339.20721435546875,280.6586608886719,347.34454345703125,277.3893127441406,346.3582458496094,294.4946594238281,350.3858642578125,289.3849182128906,350.9699401855469,285.3113708496094,373.6775817871094,285.43548583984375,374.0301513671875,291.6907043457031,399.6400451660156,291.0390625,398.4747314453125
9d43c8ca-67d4-49a5-b3ca-7930ad933230_delivery_3,19,30.007117072639023,274.6535949707031,313.0254211425781,276.2701416015625,310.5613708496094,272.2401123046875,311.3873291015625,280.59686279296875,311.1593322753906,271.4653015136719,312.97979736328125,286.2524108886719,321.7808837890625,278.1488342285156,323.6202087402344,288.3630065917969,338.11407470703125,281.4759521484375,338.92852783203125,280.8543395996094,347.2844543457031,277.43878173828125,345.94140625,294.4801025390625,350.3104248046875,289.2051696777344,350.84320068359375,285.61920166015625,373.641845703125,285.5455322265625,373.85540771484375,291.6108703613281,399.6320495605469,291.08123779296875,398.2730407714844
9d43c8ca-67d4-49a5-b3ca-7930ad933230_delivery_3,20,30.007117072639023,274.77679443359375,312.89727783203125,276.40374755859375,310.44561767578125,272.418701171875,311.2427673339844,280.7617492675781,311.044189453125,271.7353820800781,312.78729248046875,286.39898681640625,321.7025451660156,278.37066650390625,323.47979736328125,288.54827880859375,338.00103759765625,281.8895568847656,338.76446533203125,281.1263732910156,347.3321533203125,277.7386169433594,345.80548095703125,294.4916687011719,350.2859802246094,289.25286865234375,350.7866516113281,285.8609619140625,373.636962890625,285.65924072265625,373.7919921875,291.5871276855469,399.6129150390625,291.0713195800781,398.1664733886719
9d43c8ca-67d4-49a5-b3ca-7930ad933230_delivery_3,21,30.007117072639023,274.88153076171875,312.9098205566406,276.5888977050781,310.4749755859375,272.5443115234375,311.2484130859375,281.0761413574219,311.1013488769531,271.8880920410156,312.7842102050781,286.42718505859375,321.6735534667969,278.64361572265625,323.34332275390625,288.6193542480469,337.85296630859375,282.3908996582031,338.3412170410156,281.6698303222656,347.5826110839844,278.35589599609375,345.81817626953125,294.6432189941406,350.310546875,289.58770751953125,350.774658203125,286.0359191894531,373.7450866699219,285.91363525390625,373.84893798828125,291.533935546875,399.6033020019531,291.47723388671875,398.0845947265625
9d43c8ca-67d4-49a5-b3ca-7930ad933230_delivery_3,22,30.007117072639023,274.9922180175781,312.9576416015625,276.7737121582031,310.5324401855469,272.6372985839844,311.3011779785156,281.3391418457031,311.1809997558594,271.9099426269531,312.8536682128906,286.3810729980469,321.625,278.6984558105469,323.2882995605469,288.6728820800781,337.5756530761719,282.54779052734375,338.0338134765625,282.3962707519531,347.8337707519531,278.86309814453125,346.2258605957031,294.85150146484375,350.2977600097656,289.89935302734375,350.7900695800781,286.17901611328125,373.813232421875,286.21527099609375,373.9748229980469,291.52813720703125,399.54278564453125,291.8978576660156,398.0836181640625
9d43c8ca-67d4-49a5-b3ca-7930ad933230_delivery_3,23,30.007117072639023,275.0721435546875,313.0540466308594,276.90264892578125,310.63250732421875,272.6840515136719,311.4106140136719,281.5095520019531,311.267333984375,271.85150146484375,312.969970703125,286.33270263671875,321.5834045410156,278.6369323730469,323.25592041015625,288.6707763671875,337.4331359863281,282.53887939453125,337.9002685546875,282.9188537597656,348.08917236328125,279.2364501953125,346.93402099609375,295.05712890625,350.3301086425781,290.1352844238281,350.8549499511719,286.2931213378906,373.8393249511719,286.4493408203125,374.06903076171875,291.5014343261719,399.4893493652344,292.3417663574219,398.13616943359375
9d43c8ca-67d4-49a5-b3ca-7930ad933230_delivery_3,24,30.007117072639023,275.22125244140625,313.0904541015625,277.0817565917969,310.6672668457031,272.7747802734375,311.46240234375,281.65252685546875,311.2767333984375,271.7671203613281,313.0296325683594,286.2398376464844,321.4707946777344,278.5556335449219,323.1615295410156,288.63812255859375,337.2508850097656,282.4734802246094,337.6959228515625,283.47613525390625,348.3006286621094,279.54736328125,347.5279235839844,295.34295654296875,350.27703857421875,290.4651184082031,350.8383483886719,286.3988037109375,373.85308837890625,286.6650695800781,374.12353515625,291.5164794921875,399.4386901855469,292.7298889160156,398.1372985839844
9d43c8ca-67d4-49a5-b3ca-7930ad933230_delivery_3,25,30.007117072639023,275.3997802734375,313.1699523925781,277.2763366699219,310.7268371582031,272.85833740234375,311.5645446777344,281.78326416015625,311.2991027832031,271.6269226074219,313.1711120605469,286.18951416015625,321.3946228027344,278.4620666503906,323.15325927734375,288.5843505859375,337.17919921875,282.316650390625,337.59442138671875,283.9071044921875,348.6179504394531,279.6745910644531,348.0009460449219,295.6317138671875,350.2374572753906,290.7574462890625,350.8419189453125,286.4598693847656,373.8446350097656,286.759765625,374.13922119140625,291.5497131347656,399.3548278808594,293.0570373535156,398.03558349609375
9d43c8ca-67d4-49a5-b3ca-7930ad933230_delivery_3,26,30.007117072639023,275.5322265625,313.1693420410156,277.3721008300781,310.7179870605469,272.9536437988281,311.5767822265625,281.7795104980469,311.2477722167969,271.6287536621094,313.1683044433594,286.1895751953125,321.3259582519531,278.408935546875,323.101806640625,288.5064392089844,337.23480224609375,281.9939270019531,337.66131591796875,284.0780334472656,348.84674072265625,279.5877685546875,348.3155822753906,295.7641296386719,350.1747131347656,290.863525390625,350.8039855957031,286.5369873046875,373.8000793457031,286.8453063964844,374.11553955078125,291.6297302246094,399.2864685058594,293.0101623535156,397.94854736328125
9d43c8ca-67d4-49a5-b3ca-7930ad933230_delivery_3,27,30.007117072639023,275.5949401855469,313.10491943359375,277.39306640625,310.64361572265625,273.08026123046875,311.4861145019531,281.8080139160156,311.1439514160156,271.9320068359375,313.0000305175781,286.29937744140625,321.3356628417969,278.7063903808594,323.0539245605469,288.3070068359375,337.3981018066406,281.8673400878906,337.88385009765625,284.0668640136719,348.8927917480469,279.47607421875,348.3668212890625,295.74981689453125,350.15167236328125,290.9664611816406,350.7583312988281,286.576904296875,373.6977844238281,286.9246826171875,373.96270751953125,291.6654357910156,399.26617431640625,292.8056335449219,397.8564147949219
9d43c8ca-67d4-49a5-b3ca-7930ad933230_delivery_3,28,30.007117072639023,275.6044006347656,313.0323791503906,277.36669921875,310.560791015625,273.1695861816406,311.3879089355469,281.8294372558594,311.04541015625,272.2720031738281,312.83453369140625,286.3482666015625,321.341552734375,279.2092590332031,323.0245666503906,288.11505126953125,337.4280090332031,282.1215515136719,338.0413513183594,284.1633605957031,348.915283203125,279.6580810546875,348.3345031738281,295.7529296875,350.12054443359375,291.26934814453125,350.7017822265625,286.5473937988281,373.628662109375,287.1572570800781,373.8118896484375,291.6814270019531,399.22296142578125,292.75909423828125,397.6669006347656
9d43c8ca-67d4-49a5-b3ca-7930ad933230_delivery_3,29,30.007117072639023,275.6631774902344,312.9754333496094,277.3847351074219,310.4873046875,273.2934875488281,311.3097229003906,281.8958435058594,310.9433898925781,272.6416931152344,312.69580078125,286.4542541503906,321.3507995605469,279.8252868652344,323.0036315917969,287.97088623046875,337.5193176269531,282.5906066894531,338.2213439941406,284.1923522949219,349.05126953125,280.00262451171875,348.25189208984375,295.74041748046875,350.1268005371094,291.600341796875,350.67083740234375,286.4739685058594,373.6048889160156,287.4627990722656,373.6663513183594,291.73486328125,399.2029724121094,292.91192626953125,397.4247131347656
9d43c8ca-67d4-49a5-b3ca-7930ad933230_delivery_3,30,30.007117072639023,275.76470947265625,312.86993408203125,277.44635009765625,310.3848876953125,273.464599609375,311.18927001953125,281.9872131347656,310.8427734375,273.0333557128906,312.5296936035156,286.579833984375,321.3792724609375,280.3379211425781,322.9421081542969,287.80517578125,337.6065368652344,282.8553771972656,338.3190612792969,284.1178894042969,349.1623229980469,280.181396484375,348.23394775390625,295.6026916503906,350.1814880371094,291.7345886230469,350.66473388671875,286.5061950683594,373.652099609375,287.8742980957031,373.5260925292969,291.8010559082031,399.2807312011719,293.1852111816406,397.2159423828125
9d43c8ca-67d4-49a5-b3ca-7930ad933230_delivery_3,31,30.007117072639023,275.9005432128906,312.744384765625,277.5391540527344,310.2420349121094,273.6499938964844,311.0469970703125,282.1012268066406,310.6935119628906,273.4023742675781,312.3662109375,286.7829895019531,321.3840026855469,280.7519226074219,322.9283447265625,287.70062255859375,337.67803955078125,282.80902099609375,338.4510803222656,284.0083312988281,349.2378845214844,280.0648193359375,348.1799011230469,295.5712890625,350.1722412109375,291.8664245605469,350.6294860839844,286.6088562011719,373.5967712402344,288.2342529296875,373.3497314453125,291.8618469238281,399.3243408203125,293.39312744140625,397.0802001953125
9d43c8ca-67d4-49a5-b3ca-7930ad933230_delivery_3,32,30.007117072639023,276.0618591308594,312.6207275390625,277.74310302734375,310.1179504394531,273.7327575683594,310.9474792480469,282.3125305175781,310.64007568359375,273.3369445800781,312.39019775390625,286.8222961425781,321.3304748535156,280.8175048828125,322.9030456542969,287.7693786621094,337.5519104003906,283.0799865722656,338.3377380371094,284.14569091796875,349.3246765136719,280.2901306152344,348.3324279785156,295.6004333496094,350.22113037109375,291.908447265625,350.65765380859375,286.8981628417969,373.68505859375,288.4704895019531,373.2557678222656,292.05743408203125,399.4266357421875,293.7828063964844,396.8128662109375
9d43c8ca-67d4-49a5-b3ca-7930ad933230_delivery_3,33,30.007117072639023,276.312255859375,312.5796813964844,278.00836181640625,310.0486145019531,273.8489990234375,310.9505310058594,282.51513671875,310.5721435546875,273.198974609375,312.5362243652344,286.92626953125,321.1966857910156,280.8133239746094,322.9014587402344,288.1374206542969,337.31329345703125,283.45465087890625,338.09051513671875,284.46868896484375,349.29132080078125,280.6864318847656,348.276611328125,295.6919860839844,350.20550537109375,291.91729736328125,350.663818359375,287.30853271484375,373.8102111816406,288.5803527832031,373.2747497558594,292.4261474609375,399.5393371582031,294.1075439453125,396.6767883300781
9d43c8ca-67d4-49a5-b3ca-7930ad933230_delivery_3,34,30.007117072639023,276.580078125,312.4811096191406,278.2720642089844,309.93157958984375,273.9736328125,310.90325927734375,282.6874694824219,310.4755859375,273.04791259765625,312.6418762207031,287.0618896484375,321.0874938964844,280.7184753417969,322.8155212402344,288.4969177246094,337.1850891113281,283.66583251953125,337.643310546875,284.7453918457031,349.138916015625,280.9156188964844,348.0536804199219,295.83685302734375,350.0989990234375,291.8893127441406,350.5528259277344,287.8981018066406,373.92901611328125,288.7663269042969,373.32086181640625,292.7257080078125,399.6415100097656,294.250244140625,396.6797180175781
9d43c8ca-67d4-49a5-b3ca-7930ad933230_delivery_3,35,30.007117072639023,276.81109619140625,312.338623046875,278.4729919433594,309.7532653808594,274.1051025390625,310.7658996582031,282.813232421875,310.2767639160156,273.0077819824219,312.54498291015625,287.23785400390625,320.9099426269531,280.8782043457031,322.69793701171875,288.8905334472656,336.91558837890625,284.04278564453125,337.3096923828125,284.9980773925781,348.86505126953125,281.3537292480469,347.62646484375,296.15997314453125,349.8590087890625,292.16693115234375,350.3367614746094,288.4358825683594,373.8271789550781,289.23406982421875,373.218994140625,292.78369140625,399.7039489746094,294.2202453613281,396.8155212402344
9d43c8ca-67d4-49a5-b3ca-7930ad933230_delivery_3,36,30.007117072639023,277.09259033203125,312.1811218261719,278.7337951660156,309.58984375,274.30841064453125,310.6131286621094,282.95867919921875,310.152099609375,273.0382080078125,312.4490661621094,287.3246765136719,320.77899169921875,281.1523742675781,322.61669921875,289.2805480957031,336.6080017089844,284.8299865722656,337.1211853027344,285.2419128417969,348.6129455566406,282.0370788574219,347.4510192871094,296.4396057128906,349.6656494140625,292.528076171875,350.14410400390625,288.8708801269531,373.8061218261719,289.7467956542969,373.11236572265625,292.8328552246094,399.813232421875,294.2716064453125,396.8310852050781
9d43c8ca-67d4-49a5-b3ca-7930ad933230_delivery_3,37,30.007117072639023,277.32501220703125,312.0740966796875,278.88861083984375,309.4685363769531,274.486328125,310.5152587890625,282.9873046875,310.0039367675781,273.1379089355469,312.3528747558594,287.5393981933594,320.6455078125,281.4604187011719,322.51300048828125,289.7342834472656,336.4516296386719,285.296630859375,336.79339599609375,285.4454040527344,348.4583740234375,282.4858703613281,346.5870056152344,296.8316650390625,349.4601135253906,292.95416259765625,349.9542541503906,289.3170471191406,373.7248840332031,290.30377197265625,373.0622863769531,293.033447265625,399.81103515625,294.33154296875,396.95196533203125
9d43c8ca-67d4-49a5-b3ca-7930ad933230_delivery_3,38,30.007117072639023,277.55609130859375,311.90350341796875,279.0653991699219,309.3039855957031,274.6947937011719,310.3458251953125,283.072998046875,309.868408203125,273.30596923828125,312.18475341796875,287.8026123046875,320.54345703125,281.7134094238281,322.33740234375,290.0012512207031,336.41204833984375,285.14569091796875,335.7296142578125,285.5154724121094,348.33746337890625,282.0942687988281,342.7464294433594,297.10699462890625,349.2969665527344,293.1960144042969,349.7947082519531,289.7934875488281,373.5722351074219,290.8949279785156,372.92559814453125,293.1035461425781,399.8558044433594,294.27728271484375,396.9903564453125
9d43c8ca-67d4-49a5-b3ca-7930ad933230_delivery_3,39,30.007117072639023,277.70684814453125,311.783203125,279.1954650878906,309.19329833984375,274.89251708984375,310.2149658203125,283.21954345703125,309.77069091796875,273.6060485839844,312.0181579589844,288.0677795410156,320.3795471191406,282.1257629394531,322.2331848144531,290.3065490722656,336.1610107421875,285.0256042480469,334.7283935546875,285.707763671875,348.1490173339844,281.6847229003906,338.4302978515625,297.275390625,349.2404479980469,293.4404602050781,349.7994079589844,290.2455139160156,373.4332275390625,291.4734802246094,372.8907775878906,293.19580078125,399.8163757324219,294.21380615234375,396.9877014160156
9d43c8ca-67d4-49a5-b3ca-7930ad933230_delivery_3,40,30.007117072639023,277.8953552246094,311.76031494140625,279.4150695800781,309.20123291015625,275.12872314453125,310.2033996582031,283.489501953125,309.83111572265625,273.9039001464844,312.0321044921875,288.32452392578125,320.30841064453125,282.31427001953125,322.2376708984375,290.65667724609375,335.9939880371094,285.1319580078125,334.4208984375,285.9195556640625,348.0423583984375,281.62530517578125,336.8306579589844,297.4031677246094,349.2579650878906,293.49908447265625,349.8562316894531,290.6441955566406,373.3878479003906,291.59307861328125,372.93408203125,293.41937255859375,399.7534484863281,294.13604736328125,396.9222412109375
9d43c8ca-67d4-49a5-b3ca-7930ad933230_delivery_3,41,30.007117072639023,278.0671081542969,311.7762756347656,279.6104431152344,309.2336120605469,275.3218994140625,310.2264404296875,283.7462463378906,309.8839416503906,274.1415710449219,312.0638122558594,288.60394287109375,320.3018798828125,282.482421875,322.2507019042969,290.9490966796875,335.97979736328125,285.2461242675781,334.3259582519531,286.0445861816406,348.0534362792969,281.58453369140625,336.3019714355469,297.5331726074219,349.32177734375,293.5330505371094,349.9295349121094,291.06903076171875,373.3993835449219,291.75299072265625,373.0025329589844,293.66107177734375,399.6629638671875,294.0977783203125,396.8732604980469
9d43c8ca-67d4-49a5-b3ca-7930ad933230_delivery_3,42,30.007117072639023,278.33367919921875,311.7548522949219,279.8756408691406,309.2404479980469,275.5738525390625,310.2317810058594,283.9895935058594,309.9683837890625,274.36187744140625,312.15264892578125,288.8143615722656,320.328125,282.6911315917969,322.3418273925781,291.14556884765625,335.9520263671875,285.62713623046875,334.5797424316406,286.1359558105469,348.06298828125,281.8447265625,336.9936218261719,297.6455383300781,349.3407287597656,293.62054443359375,349.97698974609375,291.4361267089844,373.3865966796875,291.97625732421875,373.09552001953125,293.82159423828125,399.54913330078125,294.0870666503906,396.9224853515625
9d43c8ca-67d4-49a5-b3ca-7930ad933230_delivery_3,43,30.007117072639023,278.5165100097656,311.7276611328125,280.08477783203125,309.27301025390625,275.8130798339844,310.20037841796875,284.2225341796875,310.0940246582031,274.65313720703125,312.12091064453125,288.9279479980469,320.40264892578125,282.86041259765625,322.3988952636719,291.23944091796875,335.8570556640625,286.3053894042969,335.6050720214844,286.23077392578125,348.0791931152344,282.6920471191406,340.7787780761719,297.7413635253906,349.35443115234375,293.7146301269531,349.9710998535156,291.81671142578125,373.4334411621094,292.1933898925781,373.1826171875,294.01416015625,399.4288330078125,294.0943603515625,396.9792785644531
9d43c8ca-67d4-49a5-b3ca-7930ad933230_delivery_3,44,30.007117072639023,278.7110290527344,311.6911315917969,280.298828125,309.29229736328125,276.0119323730469,310.1654357910156,284.4240417480469,310.24700927734375,274.808349609375,312.138671875,289.0862121582031,320.58514404296875,282.84173583984375,322.4847106933594,291.3169250488281,336.0406494140625,286.8633117675781,336.80511474609375,286.1920471191406,348.3074951171875,283.5442199707031,345.1932373046875,297.9342346191406,349.3255615234375,293.74224853515625,349.8836364746094,292.32269287109375,373.5250244140625,292.3849792480469,373.23602294921875,294.184814453125,399.4507751464844,294.0323486328125,397.10382080078125
9d43c8ca-67d4-49a5-b3ca-7930ad933230_delivery_3,45,30.007117072639023,278.86297607421875,311.60931396484375,280.4421691894531,309.28033447265625,276.1541748046875,310.11614990234375,284.5313415527344,310.3355712890625,274.89520263671875,312.13739013671875,289.229248046875,320.6399841308594,282.8011474609375,322.38836669921875,291.31884765625,336.169677734375,287.14166259765625,337.1025085449219,286.224853515625,348.6163024902344,283.9429016113281,347.1565856933594,298.0536804199219,349.3476867675781,293.7032775878906,349.8551940917969,292.9753112792969,373.70037841796875,292.7989501953125,373.390380859375,294.3623046875,399.4024658203125,294.1587829589844,397.1679382324219
9d43c8ca-67d4-49a5-b3ca-7930ad933230_delivery_3,46,30.007117072639023,278.96820068359375,311.5163269042969,280.5186767578125,309.2290344238281,276.23040771484375,310.07061767578125,284.5828552246094,310.33636474609375,274.90899658203125,312.1609802246094,289.51483154296875,320.63055419921875,282.6143798828125,322.2944641113281,291.3702392578125,336.31378173828125,287.15960693359375,337.08587646484375,286.3274841308594,348.87548828125,284.0941467285156,347.8672790527344,298.1802978515625,349.2645263671875,293.4684753417969,349.75567626953125,293.5657653808594,373.69012451171875,292.7469787597656,373.4397888183594,294.5872497558594,399.2669982910156,294.276123046875,397.2404479980469
9d43c8ca-67d4-49a5-b3ca-7930ad933230_delivery_3,47,30.007117072639023,278.9867858886719,311.4870300292969,280.5533752441406,309.2442626953125,276.3167724609375,310.04681396484375,284.6798095703125,310.35589599609375,275.0608825683594,312.07952880859375,289.7716064453125,320.59771728515625,282.386962890625,322.1538391113281,291.3834533691406,336.2964782714844,286.9147644042969,336.8907165527344,286.3843078613281,349.0147399902344,283.98675537109375,347.8692932128906,298.2568664550781,349.2301940917969,293.17974853515625,349.7055969238281,294.0061340332031,373.6359558105469,292.50848388671875,373.45880126953125,294.7885437011719,399.1507263183594,294.3009338378906,397.3047790527344
9d43c8ca-67d4-49a5-b3ca-7930ad933230_delivery_3,48,30.007117072639023,279.0342102050781,311.4590759277344,280.60150146484375,309.2400817871094,276.38885498046875,310.0380554199219,284.7559814453125,310.364013671875,275.1462097167969,312.0765075683594,290.0022888183594,320.5805358886719,282.2172546386719,322.1129455566406,291.3127136230469,336.3683166503906,286.6822814941406,336.86614990234375,286.3931579589844,349.2147521972656,283.89984130859375,347.95635986328125,298.42791748046875,349.239501953125,293.0300598144531,349.7266845703125,294.2836608886719,373.5087585449219,292.0689392089844,373.4440002441406,295.2441101074219,399.0631408691406,294.3215637207031,397.40423583984375
9d43c8ca-67d4-49a5-b3ca-7930ad933230_delivery_3,49,30.007117072639023,279.068359375,311.47222900390625,280.645751953125,309.26751708984375,276.4580078125,310.0566101074219,284.8390808105469,310.3621826171875,275.23883056640625,312.0518493652344,290.1827087402344,320.5345764160156,282.0984802246094,322.0181884765625,291.27203369140625,336.3834533691406,286.6192626953125,336.7183532714844,286.46295166015625,349.328125,283.9758605957031,348.0630187988281,298.65576171875,349.15869140625,293.0092468261719,349.6591491699219,294.2459716796875,373.1531982421875,291.4955139160156,373.2691650390625,295.8746032714844,398.8044128417969,294.4975280761719,397.45794677734375
9d43c8ca-67d4-49a5-b3ca-7930ad933230_delivery_3,50,30.007117072639023,279.1418762207031,311.54473876953125,280.69049072265625,309.29901123046875,276.4788513183594,310.1361083984375,284.8450927734375,310.3411865234375,275.1775817871094,312.1567077636719,290.33184814453125,320.590576171875,281.9971618652344,322.10955810546875,291.1805725097656,336.66387939453125,286.4885559082031,336.8262634277344,286.4519348144531,349.4863586425781,283.9594421386719,348.19873046875,298.96826171875,348.913818359375,293.116455078125,349.4532775878906,294.0884704589844,372.6817932128906,290.92333984375,372.9794006347656,296.6750183105469,398.4313659667969,294.7409362792969,397.3870544433594
9d43c8ca-67d4-49a5-b3ca-7930ad933230_delivery_3,51,30.007117072639023,279.1833190917969,311.7024230957031,280.7388000488281,309.44183349609375,276.5271301269531,310.2788391113281,284.9013977050781,310.4598693847656,275.2260437011719,312.2713317871094,290.3609619140625,320.7074890136719,282.064453125,322.2460632324219,291.0684814453125,336.8587646484375,286.64013671875,337.0147705078125,286.3454895019531,349.4694519042969,284.1950378417969,348.2560729980469,299.3912048339844,348.7040710449219,293.4960021972656,349.2840270996094,294.0996398925781,372.3183288574219,290.7168273925781,372.8247375488281,297.7537536621094,398.0346374511719,294.770751953125,397.29425048828125
9d43c8ca-67d4-49a5-b3ca-7930ad933230_delivery_3,52,30.007117072639023,279.1371765136719,312.04180908203125,280.70343017578125,309.75140380859375,276.5035400390625,310.5821838378906,284.9149475097656,310.6866149902344,275.2569885253906,312.484619140625,290.3920593261719,320.90753173828125,282.1473388671875,322.43865966796875,290.9499206542969,337.2733459472656,286.6496887207031,337.3339538574219,286.3026123046875,349.62200927734375,284.17633056640625,348.50042724609375,299.825439453125,348.4869689941406,293.8938903808594,349.1081237792969,294.13677978515625,371.99468994140625,290.388427734375,372.7724304199219,299.1511535644531,397.591796875,294.8229675292969,397.3195495605469
9d43c8ca-67d4-49a5-b3ca-7930ad933230_delivery_3,53,30.007117072639023,279.012451171875,312.52044677734375,280.5480651855469,310.1748962402344,276.38641357421875,311.03338623046875,284.8350524902344,310.91973876953125,275.236328125,312.7811279296875,290.45074462890625,321.1603088378906,282.3396911621094,322.7403869628906,290.816162109375,337.8250427246094,286.96392822265625,337.7825622558594,286.21746826171875,350.01214599609375,284.48602294921875,348.8654479980469,300.3436279296875,348.37091064453125,294.431640625,349.0721435546875,294.4105224609375,371.704345703125,290.5787658691406,372.8111572265625,300.48382568359375,396.9141540527344,295.0479736328125,397.2228088378906
9d43c8ca-67d4-49a5-b3ca-7930ad933230_delivery_3,54,30.007117072639023,278.7681884765625,313.12603759765625,280.27825927734375,310.7048645019531,276.0957336425781,311.6200256347656,284.6484069824219,311.3100891113281,274.9996643066406,313.300537109375,290.372802734375,321.5925598144531,282.5078430175781,323.27197265625,290.42108154296875,338.4414367675781,287.4568786621094,338.3661193847656,286.01983642578125,350.5473327636719,285.0895080566406,349.3238830566406,300.98870849609375,348.3164978027344,295.1233825683594,349.1098937988281,295.09295654296875,371.45361328125,290.8354187011719,372.8003845214844,301.9979248046875,396.3752746582031,295.25494384765625,397.0752868652344
9d43c8ca-67d4-49a5-b3ca-7930ad933230_delivery_3,55,30.007117072639023,278.4427490234375,313.9784240722656,279.9599609375,311.4753112792969,275.7955627441406,312.4276428222656,284.5236511230469,311.9078369140625,274.8817138671875,313.97760009765625,290.4115905761719,322.14361572265625,282.6294250488281,323.9662170410156,289.9172668457031,338.877685546875,287.603515625,339.02197265625,285.84039306640625,350.72003173828125,285.6067199707031,349.52490234375,301.73345947265625,348.3172302246094,295.7745056152344,349.216796875,296.0700378417969,371.4147644042969,290.82269287109375,372.9705505371094,303.7322998046875,396.17828369140625,295.27789306640625,397.2027587890625
9d43c8ca-67d4-49a5-b3ca-7930ad933230_delivery_3,56,30.007117072639023,278.1407165527344,315.0279846191406,279.6817932128906,312.4994812011719,275.62646484375,313.403076171875,284.4660339355469,312.7923583984375,275.03668212890625,314.7026672363281,290.5020751953125,322.93804931640625,282.8191223144531,324.6437072753906,289.6684265136719,339.83294677734375,287.7159423828125,339.9009094238281,285.6086120605469,351.5730895996094,285.91790771484375,350.3285827636719,302.4083251953125,348.4290466308594,296.4042053222656,349.33770751953125,297.2617492675781,371.35693359375,291.3362731933594,372.94744873046875,305.3426818847656,396.0963134765625,295.34564208984375,397.2492980957031
9d43c8ca-67d4-49a5-b3ca-7930ad933230_delivery_3,57,30.007117072639023,277.86016845703125,316.1714782714844,279.3738708496094,313.61383056640625,275.461669921875,314.510986328125,284.35186767578125,313.7401123046875,275.20660400390625,315.58966064453125,290.6820983886719,323.76641845703125,283.0517272949219,325.43231201171875,289.4095458984375,340.67376708984375,287.7701721191406,340.8374328613281,285.3652038574219,352.66229248046875,286.2776184082031,351.4703369140625,303.1957702636719,348.63031005859375,297.1293029785156,349.5430908203125,298.73590087890625,371.3652648925781,292.1861877441406,372.7691650390625,306.6454772949219,396.20404052734375,295.5023193359375,397.0711669921875
9d43c8ca-67d4-49a5-b3ca-7930ad933230_delivery_3,58,30.007117072639023,277.6452331542969,317.3744201660156,279.12640380859375,314.80926513671875,275.3692932128906,315.6862487792969,284.27081298828125,314.8157653808594,275.43310546875,316.5592956542969,291.0400085449219,324.7246398925781,283.110107421875,326.165771484375,289.0997009277344,341.78704833984375,287.6666564941406,341.6463623046875,284.66436767578125,354.2585754394531,286.38885498046875,352.8079833984375,304.1361083984375,349.0483093261719,297.7223205566406,349.8433837890625,300.2362365722656,370.9860534667969,292.41864013671875,372.1730651855469,307.8852233886719,396.37530517578125,295.6288757324219,396.9879150390625
9d43c8ca-67d4-49a5-b3ca-7930ad933230_delivery_3,59,30.007117072639023,277.5594482421875,318.6219787597656,278.9679260253906,316.07269287109375,275.4132385253906,316.9300842285156,284.2348937988281,315.8878173828125,275.82061767578125,317.5426940917969,291.4551696777344,325.4981689453125,283.5775451660156,326.8809509277344,289.1112976074219,342.5601501464844,288.0494689941406,342.523193359375,284.2238464355469,355.5175476074219,286.4223937988281,354.1994934082031,305.1650085449219,349.60382080078125,298.6912536621094,350.31158447265625,301.6895446777344,371.14288330078125,293.18475341796875,372.1040344238281,308.6409606933594,396.7674560546875,295.921875,397.1122741699219
9d43c8ca-67d4-49a5-b3ca-7930ad933230_delivery_3,60,30.007117072639023,277.4833679199219,319.8406982421875,278.8262023925781,317.3448181152344,275.4872131347656,318.1695251464844,284.2243957519531,316.99945068359375,276.2713317871094,318.5335998535156,291.8428039550781,326.2210998535156,284.15655517578125,327.6162109375,289.20843505859375,343.3581237792969,289.17852783203125,343.6536560058594,283.6358337402344,356.8658447265625,286.8212890625,355.8036193847656,306.1093444824219,350.2030334472656,299.6503601074219,350.8327941894531,303.3036193847656,371.5929260253906,294.4499206542969,372.2974853515625,309.03863525390625,397.3134460449219,296.2868347167969,397.299072265625
9d43c8ca-67d4-49a5-b3ca-7930ad933230_delivery_3,61,30.007117072639023,277.38934326171875,321.06427001953125,278.5567932128906,318.5467224121094,275.4081115722656,319.50103759765625,283.98297119140625,317.84027099609375,276.4604797363281,319.7016296386719,292.1824951171875,326.3162536621094,284.97900390625,328.3741760253906,289.174560546875,342.68560791015625,290.6720275878906,344.5132751464844,283.5559997558594,356.83673095703125,287.5139465332031,356.8486022949219,307.25347900390625,350.6326599121094,300.98968505859375,351.38818359375,304.9049072265625,372.0443115234375,295.4441223144531,372.5461120605469,309.4535827636719,398.1321716308594,297.03045654296875,397.58416748046875
9d43c8ca-67d4-49a5-b3ca-7930ad933230_delivery_3,62,30.007117072639023,277.64697265625,322.4972229003906,278.5543518066406,319.87750244140625,275.5196838378906,321.0696105957031,283.794677734375,318.5268859863281,276.510986328125,321.053955078125,292.8404846191406,325.96502685546875,285.6686706542969,329.2933349609375,289.9082336425781,340.6157531738281,291.8257141113281,345.4826354980469,284.3289794921875,354.87811279296875,288.1057434082031,357.99090576171875,308.38934326171875,350.8219299316406,302.091064453125,351.887451171875,306.3551330566406,372.71533203125,296.2786865234375,373.01312255859375,309.6221008300781,398.9107971191406,297.863525390625,397.7028503417969
9d43c8ca-67d4-49a5-b3ca-7930ad933230_delivery_3,63,30.007117072639023,277.94781494140625,323.8639831542969,278.5911560058594,321.1991271972656,275.73681640625,322.5658874511719,283.633544921875,319.2070007324219,276.7144775390625,322.2337951660156,293.5912170410156,325.4779968261719,286.3033447265625,329.8193664550781,291.39825439453125,338.4289855957031,292.8780517578125,345.4927978515625,286.53436279296875,353.09521484375,289.8297424316406,357.47698974609375,309.4552001953125,350.58941650390625,303.1561584472656,352.0059509277344,307.6953430175781,373.8037414550781,297.64453125,374.1171569824219,309.5184020996094,399.69146728515625,299.3061828613281,398.2332763671875
9d43c8ca-67d4-49a5-b3ca-7930ad933230_delivery_3,64,30.007117072639023,278.11334228515625,325.1195068359375,278.5341796875,322.38934326171875,275.8898010253906,323.89727783203125,283.3650207519531,319.718994140625,276.8770751953125,323.169189453125,294.3112487792969,324.9369201660156,286.5234069824219,330.2677917480469,293.19500732421875,335.9164733886719,293.58782958984375,345.5481262207031,289.1437683105469,350.5606384277344,291.5676574707031,356.49017333984375,310.24151611328125,350.43804931640625,303.7038269042969,352.1359558105469,308.7752380371094,374.7410583496094,298.4476623535156,374.67669677734375,309.54473876953125,400.3351135253906,300.96661376953125,397.86376953125
9d43c8ca-67d4-49a5-b3ca-7930ad933230_delivery_3,65,30.007117072639023,278.49578857421875,325.926513671875,278.64068603515625,323.1092834472656,276.1640625,324.8296813964844,283.1096496582031,319.7637023925781,276.9452209472656,323.8760986328125,295.13262939453125,323.9267578125,286.5060729980469,330.4755554199219,295.5500793457031,333.13372802734375,293.35693359375,345.1542663574219,291.97509765625,346.8487243652344,292.0804443359375,353.3533630371094,310.5175476074219,350.07171630859375,303.6268310546875,352.1850891113281,309.4494934082031,375.0296630859375,299.0630187988281,374.8466796875,309.87066650390625,400.28192138671875,302.9096374511719,397.1181640625
9d43c8ca-67d4-49a5-b3ca-7930ad933230_delivery_3,66,30.007117072639023,278.8941650390625,326.1177673339844,278.9023132324219,323.2085266113281,276.43255615234375,325.0814208984375,283.208740234375,319.44476318359375,276.8670654296875,324.0380554199219,296.2698669433594,323.3480529785156,285.6831359863281,330.4521179199219,298.23297119140625,331.6280212402344,292.1575622558594,344.2974853515625,294.0891418457031,343.7585144042969,293.54736328125,349.4669494628906,310.6413879394531,349.9288024902344,302.7047119140625,352.2693176269531,309.79815673828125,375.4401550292969,299.6323547363281,375.1701354980469,310.04132080078125,399.8926086425781,305.00958251953125,396.3818054199219
9d43c8ca-67d4-49a5-b3ca-7930ad933230_delivery_3,67,30.007117072639023,279.2540283203125,325.4120788574219,279.30572509765625,322.56439208984375,276.86859130859375,324.35943603515625,283.6168212890625,318.9600524902344,277.19793701171875,323.39593505859375,297.4302978515625,323.0729675292969,284.93011474609375,329.88482666015625,301.41339111328125,330.47406005859375,291.36376953125,342.4535827636719,296.34417724609375,340.5094299316406,295.0409240722656,344.33587646484375,310.8441467285156,350.2625732421875,301.8903503417969,352.47857666015625,309.9436340332031,376.16558837890625,300.23492431640625,375.58319091796875,310.1637268066406,399.88446044921875,307.1701354980469,395.8479919433594
9d43c8ca-67d4-49a5-b3ca-7930ad933230_delivery_3,68,30.007117072639023,279.6991271972656,324.2372131347656,279.82476806640625,321.3777770996094,277.2657775878906,323.1743469238281,284.1818542480469,318.0361328125,277.360107421875,322.5363464355469,298.42169189453125,322.4414367675781,284.5064697265625,329.3897399902344,304.1704406738281,328.17626953125,291.1391296386719,340.57147216796875,299.3639831542969,334.27777099609375,296.67242431640625,337.95697021484375,311.00384521484375,350.66265869140625,301.25701904296875,352.83349609375,310.107177734375,377.06378173828125,300.48919677734375,375.9793701171875,310.1565246582031,400.1982727050781,308.5048828125,395.26177978515625
9d43c8ca-67d4-49a5-b3ca-7930ad933230_delivery_3,69,30.007117072639023,280.3254699707031,322.4061279296875,280.5067443847656,319.6159973144531,277.8409423828125,321.36248779296875,284.842529296875,316.9552307128906,277.68096923828125,321.35284423828125,299.4925537109375,322.2027587890625,283.9372863769531,328.6719970703125,306.5376281738281,326.61749267578125,290.34539794921875,337.75384521484375,301.8269348144531,328.2886657714844,297.96002197265625,330.5904235839844,310.9762878417969,351.2311096191406,300.2285461425781,353.19482421875,310.2391357421875,377.91278076171875,300.34197998046875,376.4305725097656,310.09625244140625,400.3259582519531,309.1968994140625,394.93988037109375
9d43c8ca-67d4-49a5-b3ca-7930ad933230_delivery_3,70,30.007117072639023,281.0926208496094,320.3167724609375,281.37591552734375,317.50982666015625,278.3951416015625,319.2642517089844,285.660888671875,315.5243835449219,277.7599792480469,319.9046630859375,300.36236572265625,321.981689453125,283.5137939453125,327.6212158203125,308.390869140625,325.0997009277344,290.23724365234375,334.3230285644531,304.464111328125,323.21844482421875,300.3643798828125,324.4814758300781,311.074951171875,351.8261413574219,299.44024658203125,353.35125732421875,310.26275634765625,378.84991455078125,299.2145690917969,376.356689453125,309.6288146972656,400.9543762207031,308.728759765625,394.2599792480469
9d43c8ca-67d4-49a5-b3ca-7930ad933230_delivery_3,71,30.007117072639023,282.3070068359375,318.11724853515625,282.7298583984375,315.47412109375,279.5146484375,317.0955810546875,286.7161865234375,314.5845642089844,278.378173828125,318.5621643066406,300.66326904296875,322.1106262207031,283.61968994140625,326.8381652832031,309.73028564453125,322.5021057128906,291.07769775390625,330.30096435546875,307.9373474121094,317.13787841796875,302.0361022949219,317.907958984375,310.92254638671875,352.3842468261719,299.0453186035156,353.5088195800781,310.15130615234375,379.5431823730469,298.13134765625,376.3627014160156,309.2405700683594,401.294921875,307.27471923828125,393.7391052246094
9d43c8ca-67d4-49a5-b3ca-7930ad933230_delivery_3,72,30.007117072639023,283.73291015625,316.2801818847656,284.17681884765625,313.7454833984375,280.7642822265625,315.2867736816406,287.5505676269531,313.76019287109375,278.7684020996094,317.46734619140625,300.2088317871094,322.23175048828125,283.4865417480469,326.0182189941406,309.77215576171875,320.8125,292.2279052734375,326.35205078125,310.217529296875,312.4072570800781,303.9480285644531,311.252685546875,310.16387939453125,352.449462890625,298.2866516113281,353.2880554199219,310.0962829589844,379.3781433105469,296.8014221191406,375.9195861816406,309.02081298828125,400.957763671875,305.16693115234375,393.1902160644531
9d43c8ca-67d4-49a5-b3ca-7930ad933230_delivery_3,73,30.007117072639023,285.1173400878906,314.3307189941406,285.7052917480469,311.8521423339844,281.9635009765625,313.2718811035156,288.56439208984375,312.633056640625,279.0755310058594,315.970703125,299.64227294921875,322.1810302734375,283.0375671386719,324.9991760253906,309.6497497558594,319.69830322265625,292.3165283203125,323.1472473144531,310.69293212890625,309.2270812988281,304.1213684082031,306.9801940917969,308.916748046875,352.35943603515625,296.962890625,352.927490234375,309.8002624511719,378.7574157714844,295.484375,375.2629089355469,308.9451904296875,400.4246826171875,302.4305725097656,392.805419921875
9d43c8ca-67d4-49a5-b3ca-7930ad933230_delivery_3,74,30.007117072639023,286.6059875488281,312.6025390625,287.2660827636719,310.2095642089844,283.32586669921875,311.51959228515625,289.4684143066406,311.5487365722656,279.4755859375,314.56005859375,298.6850891113281,321.6651916503906,282.59197998046875,323.7688293457031,309.2967224121094,318.4432373046875,292.77960205078125,320.1005859375,311.0326232910156,307.13531494140625,304.3099060058594,303.88250732421875,307.6104431152344,351.8947448730469,295.82073974609375,352.344482421875,309.4703674316406,377.929931640625,294.2997131347656,374.74151611328125,308.7357177734375,400.24835205078125,298.6977233886719,393.2669677734375
9d43c8ca-67d4-49a5-b3ca-7930ad933230_delivery_3,75,30.007117072639023,288.1030578613281,311.1162109375,288.79595947265625,308.9330139160156,284.95977783203125,309.96014404296875,290.28387451171875,310.8684997558594,280.323974609375,313.138916015625,297.7060546875,321.1268005371094,282.0696716308594,322.627685546875,309.2368469238281,317.0096130371094,293.1304931640625,317.8218994140625,311.051513671875,305.0063781738281,304.154541015625,301.777587890625,306.4989013671875,351.420166015625,294.84747314453125,351.8719177246094,309.34930419921875,377.1645202636719,293.7224426269531,374.90557861328125,308.6451110839844,400.263427734375,294.82086181640625,394.8716125488281
9d43c8ca-67d4-49a5-b3ca-7930ad933230_delivery_3,76,30.007117072639023,289.14788818359375,309.8711242675781,289.7654724121094,307.8161926269531,286.15185546875,308.5965576171875,290.531005859375,309.942138671875,280.8560791015625,311.6047668457031,296.73583984375,320.1050109863281,281.39337158203125,321.1146240234375,309.20330810546875,316.2735900878906,293.07879638671875,316.1285095214844,310.4776611328125,304.27508544921875,303.5166015625,300.6642150878906,305.33868408203125,350.76165771484375,293.7266845703125,351.199462890625,309.3641662597656,376.46148681640625,292.76544189453125,374.9645080566406,308.2981262207031,400.48223876953125,290.9788513183594,396.48089599609375
9d43c8ca-67d4-49a5-b3ca-7930ad933230_delivery_3,77,30.007117072639023,289.59686279296875,308.79901123046875,290.1591491699219,306.9008483886719,286.82562255859375,307.4345397949219,290.478515625,309.1883850097656,281.2496337890625,310.2291564941406,295.7752380371094,319.2312316894531,280.8094787597656,319.7730712890625,308.8427429199219,315.73297119140625,292.4114685058594,315.0327453613281,309.9933166503906,304.0118408203125,302.7789611816406,300.4959716796875,304.2242126464844,350.1962890625,292.7236633300781,350.5954895019531,309.0152893066406,375.95062255859375,291.9714050292969,374.9648132324219,308.04217529296875,400.7093505859375,287.1394348144531,397.6866149902344
9d43c8ca-67d4-49a5-b3ca-7930ad933230_delivery_3,78,30.007117072639023,290.1568298339844,308.1929626464844,290.4743957519531,306.5594482421875,287.76531982421875,306.79681396484375,289.9917907714844,309.04412841796875,282.0008850097656,309.3466796875,294.551025390625,318.85247802734375,280.45965576171875,318.6321105957031,308.3773498535156,315.9961242675781,292.1732482910156,314.0914001464844,309.5391540527344,304.58050537109375,302.3157958984375,300.50274658203125,302.9071960449219,350.020263671875,291.8128356933594,350.22723388671875,308.57843017578125,375.814697265625,291.0219421386719,375.0089111328125,307.8017272949219,400.88177490234375,283.40057373046875,398.39715576171875
9d43c8ca-67d4-49a5-b3ca-7930ad933230_delivery_3,79,30.007117072639023,290.5846252441406,307.62518310546875,290.6950378417969,306.1824645996094,288.5122375488281,306.1709289550781,289.47906494140625,308.79913330078125,282.5061340332031,308.49462890625,293.4277038574219,318.5496826171875,279.7861328125,317.8251953125,307.7519836425781,316.466796875,291.6481628417969,313.8193359375,309.1410827636719,305.26287841796875,301.63629150390625,300.8120422363281,301.6333923339844,349.7456359863281,290.6698913574219,349.9391784667969,308.19110107421875,375.34613037109375,289.7334899902344,375.06256103515625,307.7511291503906,400.3046569824219,280.45361328125,398.8993835449219
9d43c8ca-67d4-49a5-b3ca-7930ad933230_delivery_3,80,30.007117072639023,290.4261779785156,307.5305480957031,290.3739013671875,306.2510986328125,288.69598388671875,305.9972839355469,288.5194396972656,308.9458923339844,282.6725158691406,308.0475769042969,291.8267517089844,318.7642822265625,279.1174621582031,317.51324462890625,306.6558532714844,317.15081787109375,291.9093017578125,313.4809265136719,308.8972473144531,306.2360534667969,301.8155212402344,300.94775390625,299.9219665527344,349.8930358886719,289.3899841308594,350.111572265625,307.3634033203125,374.9411315917969,287.8736572265625,375.3912048339844,307.6337585449219,399.4503479003906,278.6551818847656,399.53521728515625
9d43c8ca-67d4-49a5-b3ca-7930ad933230_delivery_3,81,30.007117072639023,290.1887512207031,307.8334045410156,290.1064758300781,306.6120910644531,288.72747802734375,306.1755676269531,287.69305419921875,309.2152099609375,282.87554931640625,307.9140930175781,289.5417785644531,319.1374206542969,279.3786926269531,317.39093017578125,305.1515197753906,318.17083740234375,292.3841857910156,313.6048583984375,308.2395324707031,307.4500732421875,302.0718994140625,301.6182861328125,297.0667724609375,350.1618957519531,288.8341064453125,350.311767578125,303.4562683105469,374.86810302734375,290.1274719238281,375.2649841308594,303.8647766113281,399.2167053222656,283.3055419921875,399.4585266113281
9d43c8ca-67d4-49a5-b3ca-7930ad933230_delivery_3,82,30.007117072639023,290.19854736328125,307.8987121582031,290.1136169433594,306.6697692871094,288.91741943359375,306.09332275390625,287.2835998535156,309.24481201171875,283.0910339355469,307.627197265625,288.07470703125,319.458984375,279.4107666015625,317.3708801269531,303.76141357421875,319.30755615234375,293.0972595214844,313.9172668457031,307.66229248046875,308.7630310058594,302.29034423828125,302.5320129394531,295.08343505859375,350.81927490234375,287.7159729003906,350.93017578125,302.32568359375,374.9342041015625,288.45269775390625,375.9015808105469,303.3673095703125,398.95989990234375,282.2823486328125,400.30645751953125
9d43c8ca-67d4-49a5-b3ca-7930ad933230_delivery_3,83,30.007117072639023,289.6352844238281,308.12298583984375,289.5589294433594,306.86712646484375,288.4582824707031,306.2685546875,286.55804443359375,309.3693542480469,282.7864074707031,307.7295227050781,286.83514404296875,319.6689147949219,279.01983642578125,317.7005920410156,302.2713928222656,319.6729431152344,293.6985778808594,314.3979187011719,307.2051696777344,309.6048278808594,302.6983642578125,303.4200134277344,293.4488830566406,351.1568908691406,286.47479248046875,351.3769226074219,301.5509948730469,374.76446533203125,287.0652770996094,376.28997802734375,302.9280090332031,398.4571533203125,281.4118957519531,400.71197509765625
9d43c8ca-67d4-49a5-b3ca-7930ad933230_delivery_3,84,30.007117072639023,289.0216064453125,308.8716125488281,288.839111328125,307.5299377441406,287.8963928222656,306.91632080078125,285.3121337890625,309.623779296875,282.3089904785156,308.0279846191406,284.7146301269531,319.8598937988281,279.03668212890625,317.97821044921875,300.8335266113281,320.3149719238281,294.13592529296875,315.24285888671875,306.3700866699219,310.278076171875,302.80682373046875,303.76611328125,289.98419189453125,351.21771240234375,284.7686767578125,351.4016418457031,297.2005310058594,374.80169677734375,286.0477294921875,376.2558288574219,297.410400390625,398.45281982421875,280.83099365234375,400.7563781738281
9d43c8ca-67d4-49a5-b3ca-7930ad933230_delivery_3,85,30.007117072639023,288.65545654296875,309.4413146972656,288.3678283691406,307.9775085449219,287.52435302734375,307.3677673339844,284.2876892089844,309.73394775390625,281.7195129394531,308.2579650878906,282.7106018066406,319.93377685546875,278.8192138671875,318.3980407714844,299.54400634765625,320.38958740234375,293.9566955566406,316.4254455566406,305.4621276855469,310.58935546875,302.844970703125,304.5110168457031,286.7440490722656,351.55902099609375,282.9058837890625,351.7627258300781,294.8190612792969,374.9934997558594,285.9324951171875,375.9001770019531,294.97760009765625,398.6699523925781,280.27374267578125,400.0657653808594
9d43c8ca-67d4-49a5-b3ca-7930ad933230_delivery_3,86,30.007117072639023,288.02105712890625,309.6413879394531,287.49200439453125,308.0873107910156,286.9627685546875,307.52325439453125,282.93133544921875,309.40850830078125,280.93280029296875,308.12939453125,281.5778503417969,319.38824462890625,277.70391845703125,318.17852783203125,298.9554443359375,320.4620361328125,294.1515197753906,317.01995849609375,305.24114990234375,310.96734619140625,303.1288146972656,305.3877868652344,285.1954345703125,351.364990234375,280.8612365722656,351.6678161621094,295.1239929199219,374.4901428222656,281.7250061035156,375.69696044921875,297.098876953125,397.89007568359375,276.30828857421875,399.7768249511719
9d43c8ca-67d4-49a5-b3ca-7930ad933230_delivery_3,87,30.007117072639023,287.32952880859375,309.73284912109375,286.5781555175781,308.10003662109375,286.33648681640625,307.6152648925781,281.564697265625,308.94775390625,280.2960205078125,307.9624328613281,280.271728515625,318.8330383300781,277.00897216796875,317.8755798339844,298.0316467285156,320.87127685546875,293.832763671875,317.6030578613281,304.5929870605469,311.4394836425781,303.0572509765625,305.7313232421875,283.26220703125,350.97650146484375,279.64996337890625,351.3878479003906,293.04931640625,374.27630615234375,282.0301208496094,375.2876892089844,295.20648193359375,397.42071533203125,278.88360595703125,399.1143798828125
9d43c8ca-67d4-49a5-b3ca-7930ad933230_delivery_3,88,30.007117072639023,287.16888427734375,309.86614990234375,286.2575988769531,308.1512451171875,286.18792724609375,307.67706298828125,280.684814453125,308.66827392578125,279.8768005371094,307.7975158691406,278.89569091796875,318.5575256347656,276.6688232421875,317.7647705078125,297.6404113769531,321.1799011230469,293.7979431152344,318.123046875,304.1126403808594,311.7435607910156,302.92279052734375,305.8511657714844,281.25445556640625,350.72760009765625,278.6846618652344,351.21514892578125,290.54937744140625,374.12994384765625,281.9561462402344,374.9327392578125,292.637451171875,397.3937072753906,280.2994079589844,398.8948974609375
9d43c8ca-67d4-49a5-b3ca-7930ad933230_delivery_3,89,30.007117072639023,286.9191589355469,309.7375183105469,285.9979553222656,307.9661560058594,286.0126953125,307.4896545410156,280.3540954589844,308.377197265625,279.5755920410156,307.56182861328125,278.4942321777344,318.2039489746094,276.1972351074219,317.6613464355469,297.4803161621094,320.73486328125,294.15350341796875,318.238525390625,304.0130920410156,311.6221618652344,303.5505676269531,306.6305236816406,281.211181640625,350.9705505371094,278.41558837890625,351.59893798828125,292.33062744140625,374.03826904296875,282.1746520996094,374.95709228515625,296.84808349609375,397.28802490234375,282.7880554199219,398.84716796875
9d43c8ca-67d4-49a5-b3ca-7930ad933230_delivery_3,90,30.007117072639023,,,,,,,,,,,,,,,,,,,,,,,,,,,,,,,,,,
