frame_no,batsman_detected,distance_to_bat,x0,y0,x1,y1,x2,y2,x3,y3,x4,y4,x5,y5,x6,y6,x7,y7,x8,y8,x9,y9,x10,y10,x11,y11,x12,y12,x13,y13,x14,y14,x15,y15,x16,y16
0,1,,219.72618103027344,342.95880126953125,222.1203155517578,340.87017822265625,217.79270935058594,340.8115234375,226.55938720703125,341.58099365234375,216.1602325439453,341.2030029296875,229.3379364013672,352.9299011230469,218.52915954589844,352.001953125,227.63919067382812,372.1905212402344,219.40122985839844,368.3153381347656,222.41986083984375,384.8813171386719,216.3787384033203,382.29638671875,236.71510314941406,380.72149658203125,229.15892028808594,380.6705017089844,230.91763305664062,407.3741455078125,227.2085723876953,407.3167419433594,235.95651245117188,432.44195556640625,225.81109619140625,432.2000732421875
1,1,,219.65762329101562,342.9765625,222.0494384765625,340.8924255371094,217.75393676757812,340.8309020996094,226.51797485351562,341.589111328125,216.17364501953125,341.2033996582031,229.35336303710938,352.9065856933594,218.49954223632812,352.00958251953125,227.68414306640625,372.159912109375,219.37191772460938,368.3656311035156,222.5689697265625,384.91510009765625,216.2673797607422,382.30084228515625,236.68177795410156,380.74786376953125,229.08164978027344,380.7063293457031,230.9029083251953,407.3935241699219,227.0264129638672,407.3443603515625,235.90029907226562,432.4578857421875,225.5503387451172,432.23199462890625
2,1,,219.59237670898438,342.97967529296875,221.95008850097656,340.9117431640625,217.7469940185547,340.848876953125,226.42848205566406,341.58941650390625,216.26416015625,341.19384765625,229.39901733398438,352.8859558105469,218.4723358154297,351.9749755859375,227.68923950195312,372.17547607421875,219.3461151123047,368.339111328125,222.5271759033203,384.9603271484375,216.26678466796875,382.19769287109375,236.66537475585938,380.7982177734375,229.00326538085938,380.7525329589844,230.93702697753906,407.422607421875,226.96241760253906,407.3835754394531,235.9091339111328,432.474609375,225.53036499023438,432.27679443359375
3,1,,219.4912567138672,342.9902038574219,221.81494140625,340.9379577636719,217.72372436523438,340.8697509765625,226.30422973632812,341.58892822265625,216.36280822753906,341.171142578125,229.4376678466797,352.8149108886719,218.422607421875,351.9466857910156,227.78857421875,372.106201171875,219.3780059814453,368.37945556640625,222.7496337890625,385.0813903808594,216.31192016601562,382.2073059082031,236.7537078857422,380.73974609375,228.99795532226562,380.71771240234375,230.9066925048828,407.3736267089844,226.67788696289062,407.3868103027344,235.94699096679688,432.51885986328125,225.2359161376953,432.39251708984375
4,1,,219.4292449951172,343.0058898925781,221.7259521484375,340.9654235839844,217.7142791748047,340.8960876464844,226.2191619873047,341.5907897949219,216.43629455566406,341.1579895019531,229.44871520996094,352.72332763671875,218.4195556640625,351.8421325683594,227.9497528076172,371.9546203613281,219.44252014160156,368.1059875488281,223.1439666748047,385.1723937988281,216.58773803710938,381.8161315917969,236.83090209960938,380.63067626953125,229.04141235351562,380.6176452636719,230.8306121826172,407.2810363769531,226.4340057373047,407.3410339355469,235.9895782470703,432.5093688964844,224.98216247558594,432.44403076171875
5,1,,219.34042358398438,343.02142333984375,221.61569213867188,340.9914855957031,217.68731689453125,340.91943359375,226.14306640625,341.5971984863281,216.52801513671875,341.1456298828125,229.4578094482422,352.6460876464844,218.4587860107422,351.75140380859375,228.06971740722656,371.8267517089844,219.4848175048828,367.9203796386719,223.44833374023438,385.2659912109375,216.75509643554688,381.5580139160156,236.91134643554688,380.49346923828125,229.15391540527344,380.478271484375,230.7861785888672,407.1633605957031,226.46621704101562,407.2200012207031,236.0788116455078,432.5125732421875,225.22825622558594,432.4041442871094
6,1,,219.30543518066406,343.0201416015625,221.55862426757812,340.9964599609375,217.69525146484375,340.92523193359375,226.09033203125,341.5899353027344,216.613037109375,341.128662109375,229.44515991210938,352.57159423828125,218.50506591796875,351.6681823730469,228.19393920898438,371.6996765136719,219.47607421875,367.72601318359375,223.75897216796875,385.4258728027344,216.88027954101562,381.3160400390625,236.99900817871094,380.355712890625,229.304931640625,380.342529296875,230.72067260742188,407.0433654785156,226.5904541015625,407.1028137207031,236.15704345703125,432.4985046386719,225.5177764892578,432.3358154296875
7,1,,219.21316528320312,343.0232238769531,221.47006225585938,341.0054016113281,217.6497039794922,340.92767333984375,226.0611572265625,341.6124572753906,216.66928100585938,341.12384033203125,229.42263793945312,352.51898193359375,218.57113647460938,351.61199951171875,228.3325958251953,371.55340576171875,219.47645568847656,367.5660095214844,224.19854736328125,385.59918212890625,216.97804260253906,381.143310546875,237.0638427734375,380.2225646972656,229.45391845703125,380.2078857421875,230.6642608642578,406.9571228027344,226.66354370117188,406.9959411621094,236.2342987060547,432.53558349609375,225.73646545410156,432.27923583984375
8,1,,219.11900329589844,343.0523681640625,221.3521728515625,341.04302978515625,217.61062622070312,340.970947265625,225.99057006835938,341.6363830566406,216.75650024414062,341.15081787109375,229.4166259765625,352.486083984375,218.64340209960938,351.55413818359375,228.39137268066406,371.46197509765625,219.40269470214844,367.3810119628906,224.39013671875,385.661865234375,216.99554443359375,380.8124084472656,237.02432250976562,380.2000732421875,229.5138397216797,380.167724609375,230.65443420410156,406.9503173828125,226.94314575195312,406.94073486328125,236.25277709960938,432.55804443359375,226.27044677734375,432.1711730957031
9,1,,219.043212890625,343.1493225097656,221.26487731933594,341.1446533203125,217.5777130126953,341.06890869140625,225.94717407226562,341.7137756347656,216.81622314453125,341.2073669433594,229.41688537597656,352.5456237792969,218.71176147460938,351.5166320800781,228.416259765625,371.5888366699219,219.3802032470703,367.13946533203125,224.4239501953125,385.9335021972656,217.17623901367188,380.30584716796875,236.95980834960938,380.29974365234375,229.49893188476562,380.2305603027344,230.60763549804688,407.0350036621094,226.91177368164062,407.00274658203125,236.23353576660156,432.5843505859375,226.2611541748047,432.17828369140625
10,1,,218.97598266601562,343.2369689941406,221.18299865722656,341.2422790527344,217.55484008789062,341.1611633300781,225.89691162109375,341.7901611328125,216.8767852783203,341.2572937011719,229.4106903076172,352.59124755859375,218.75991821289062,351.4600524902344,228.46218872070312,371.69476318359375,219.3539581298828,366.8327941894531,224.5304718017578,386.2966613769531,217.43533325195312,379.6800231933594,236.88302612304688,380.4628601074219,229.4530792236328,380.3586120605469,230.60707092285156,407.2023620605469,226.8183135986328,407.1502380371094,236.223388671875,432.6728515625,226.174560546875,432.2426452636719
11,1,,218.9230499267578,343.3258972167969,221.12646484375,341.3463134765625,217.53982543945312,341.25006103515625,225.86627197265625,341.891357421875,216.91360473632812,341.3116149902344,229.441162109375,352.6786193847656,218.723388671875,351.4248962402344,228.497802734375,371.8537292480469,219.37001037597656,366.5738525390625,224.5564422607422,386.6055603027344,217.72296142578125,379.17181396484375,236.8056640625,380.61737060546875,229.30299377441406,380.475341796875,230.6032257080078,407.3121337890625,226.50277709960938,407.2668151855469,236.2430877685547,432.72357177734375,225.9927520751953,432.35009765625
12,1,,218.9482879638672,343.42547607421875,221.15760803222656,341.44476318359375,217.56039428710938,341.33544921875,225.87551879882812,341.97601318359375,216.8990478515625,341.3551330566406,229.43955993652344,352.7767333984375,218.67816162109375,351.38873291015625,228.5155487060547,372.0664978027344,219.38998413085938,366.32574462890625,224.55638122558594,386.9122314453125,218.03648376464844,378.6898193359375,236.80892944335938,380.656494140625,229.25048828125,380.475830078125,230.53366088867188,407.32843017578125,226.2364044189453,407.2886047363281,236.21400451660156,432.7102355957031,225.7055206298828,432.3852844238281
13,1,,218.9541778564453,343.501220703125,221.1787109375,341.5179138183594,217.56759643554688,341.3905944824219,225.88584899902344,342.06329345703125,216.89022827148438,341.385986328125,229.40740966796875,352.8792419433594,218.68113708496094,351.36895751953125,228.57667541503906,372.2620544433594,219.4061279296875,366.0996398925781,224.70252990722656,387.2215576171875,218.461181640625,378.0787353515625,236.86093139648438,380.6966247558594,229.30722045898438,380.4801330566406,230.43450927734375,407.3335876464844,225.98391723632812,407.283447265625,236.1843719482422,432.7315673828125,225.43716430664062,432.3877258300781
14,1,,218.93472290039062,343.5088195800781,221.17428588867188,341.52520751953125,217.55502319335938,341.3831481933594,225.883544921875,342.0879211425781,216.8748779296875,341.36761474609375,229.39060974121094,352.93414306640625,218.62913513183594,351.3815002441406,228.61146545410156,372.4057922363281,219.2835235595703,366.1904602050781,224.808837890625,387.4173889160156,218.40650939941406,378.0908203125,236.9137725830078,380.7544250488281,229.35137939453125,380.5221252441406,230.3930206298828,407.371337890625,225.97584533691406,407.2970275878906,236.18312072753906,432.779541015625,225.50901794433594,432.356689453125
15,1,,218.89645385742188,343.535400390625,221.16673278808594,341.5526123046875,217.53012084960938,341.38714599609375,225.9247589111328,342.1416015625,216.86962890625,341.3574523925781,229.4124298095703,353.0352783203125,218.60047912597656,351.42938232421875,228.60545349121094,372.56201171875,219.2357940673828,366.4758605957031,224.7832794189453,387.24383544921875,218.3955535888672,378.60687255859375,236.9539337158203,380.8638610839844,229.3487548828125,380.60546875,230.4044189453125,407.4197998046875,225.89422607421875,407.3052062988281,236.150390625,432.83929443359375,225.27987670898438,432.36627197265625
16,1,,218.86727905273438,343.559814453125,221.14959716796875,341.5764465332031,217.52940368652344,341.3914489746094,225.9413604736328,342.16656494140625,216.92276000976562,341.3238830566406,229.41531372070312,353.0972595214844,218.6409149169922,351.4455871582031,228.56106567382812,372.7030944824219,219.1717529296875,366.7883605957031,224.71194458007812,387.00299072265625,218.37701416015625,379.1679382324219,237.06480407714844,380.9287414550781,229.48402404785156,380.64605712890625,230.4364776611328,407.4931335449219,226.0292205810547,407.3215026855469,236.12228393554688,432.92462158203125,225.09759521484375,432.36883544921875
17,1,,218.83609008789062,343.57855224609375,221.12274169921875,341.59613037109375,217.52023315429688,341.4077453613281,225.9642791748047,342.17547607421875,216.9698028564453,341.32025146484375,229.4376678466797,353.1138610839844,218.70114135742188,351.4717102050781,228.58045959472656,372.74951171875,219.09747314453125,367.0299377441406,224.70401000976562,386.98590087890625,218.2800750732422,379.7168273925781,237.0166015625,381.1412658691406,229.47035217285156,380.85516357421875,230.48989868164062,407.6268005371094,226.12814331054688,407.43994140625,236.08592224121094,433.00408935546875,224.97039794921875,432.4203796386719
18,1,,218.8321990966797,343.57958984375,221.13601684570312,341.6032409667969,217.52691650390625,341.4052734375,226.03318786621094,342.1798400878906,216.99363708496094,341.3015441894531,229.5043487548828,353.14593505859375,218.66786193847656,351.4894104003906,228.54075622558594,372.8388366699219,218.9651336669922,367.2769775390625,224.62490844726562,386.9909973144531,217.98475646972656,380.4305114746094,236.92788696289062,381.32989501953125,229.30844116210938,381.03515625,230.6123809814453,407.7630615234375,226.15110778808594,407.5690002441406,236.04275512695312,433.05767822265625,224.68441772460938,432.5110168457031
19,1,,218.85177612304688,343.5357971191406,221.1559295654297,341.5683288574219,217.59912109375,341.359619140625,226.06044006347656,342.1372985839844,217.16110229492188,341.2255554199219,229.50201416015625,353.16436767578125,218.7524871826172,351.5152282714844,228.44442749023438,373.0140075683594,218.77471923828125,367.5982360839844,224.42706298828125,386.9006652832031,217.6685791015625,380.8512878417969,236.8591766357422,381.46636962890625,229.30148315429688,381.1871337890625,230.6402130126953,407.8589782714844,226.16049194335938,407.71881103515625,236.08531188964844,433.03521728515625,224.48020935058594,432.5780944824219
20,1,,218.8649444580078,343.5364074707031,221.1415557861328,341.5780944824219,217.6289825439453,341.3738098144531,226.00611877441406,342.12060546875,217.21778869628906,341.219482421875,229.51280212402344,353.1138916015625,218.75613403320312,351.45416259765625,228.37835693359375,373.072509765625,218.5396728515625,367.5085754394531,224.26644897460938,386.98394775390625,217.2164764404297,380.52294921875,236.8807830810547,381.4636535644531,229.32864379882812,381.18353271484375,230.70652770996094,407.9049987792969,226.26446533203125,407.78851318359375,236.05120849609375,433.04937744140625,224.45770263671875,432.6468811035156
21,1,,218.85726928710938,343.5090026855469,221.11199951171875,341.5480041503906,217.66990661621094,341.3524475097656,225.9517364501953,342.0994873046875,217.37904357910156,341.21112060546875,229.4324951171875,353.12689208984375,218.92933654785156,351.52117919921875,228.34393310546875,373.09869384765625,218.441650390625,367.5179748535156,224.27220153808594,386.90301513671875,217.1169891357422,379.923095703125,236.7904052734375,381.4965515136719,229.42584228515625,381.25531005859375,230.6494903564453,407.9305725097656,226.30137634277344,407.898193359375,236.12551879882812,433.0108947753906,224.51304626464844,432.6635437011719
22,1,,218.8299560546875,343.48211669921875,221.0672607421875,341.5172119140625,217.69003295898438,341.3214111328125,225.87721252441406,342.1024475097656,217.51133728027344,341.2010803222656,229.35870361328125,353.1988830566406,219.0629425048828,351.621826171875,228.26846313476562,373.2855529785156,218.42381286621094,367.6494140625,224.1940155029297,387.16650390625,217.1627960205078,379.5867919921875,236.82505798339844,381.459228515625,229.59756469726562,381.24371337890625,230.61151123046875,407.89154052734375,226.2332305908203,407.9117126464844,236.23446655273438,432.9892883300781,224.55068969726562,432.6361389160156
23,1,,218.7144012451172,343.5066223144531,220.8787384033203,341.5414733886719,217.68466186523438,341.3575134277344,225.62664794921875,342.12158203125,217.7653045654297,341.2326354980469,229.23487854003906,353.249755859375,219.3096466064453,351.7470703125,228.18260192871094,373.4463195800781,218.46995544433594,367.93206787109375,224.0601348876953,387.381103515625,217.306640625,379.59832763671875,236.8793487548828,381.4380798339844,229.90216064453125,381.259033203125,230.5391845703125,407.844482421875,226.1994171142578,407.93634033203125,236.33958435058594,432.9570617675781,224.64315795898438,432.6296691894531
24,1,,218.4629669189453,343.5886535644531,220.5756378173828,341.6278991699219,217.55419921875,341.4499816894531,225.3982391357422,342.2197265625,217.9440155029297,341.32830810546875,229.21673583984375,353.3130187988281,219.5003662109375,351.8515625,228.13336181640625,373.5560607910156,218.654296875,368.14630126953125,224.05882263183594,387.9482421875,217.6331024169922,379.8973083496094,236.90711975097656,381.44329833984375,230.051513671875,381.265380859375,230.6249542236328,407.8009338378906,226.1221466064453,407.8793029785156,236.39407348632812,433.06622314453125,224.65345764160156,432.6688232421875
25,1,,218.25738525390625,343.5993347167969,220.3177032470703,341.6415100097656,217.50379943847656,341.4647216796875,225.15921020507812,342.2554626464844,218.2363739013672,341.34417724609375,229.12501525878906,353.4089660644531,219.68423461914062,352.01702880859375,228.1320037841797,373.7793884277344,218.76820373535156,368.47271728515625,224.0589599609375,388.68280029296875,218.04922485351562,380.08795166015625,236.87850952148438,381.4692687988281,230.2094268798828,381.32757568359375,230.59471130371094,407.74041748046875,226.06719970703125,407.8795166015625,236.56387329101562,433.0777587890625,224.8224639892578,432.65582275390625
26,1,,218.05706787109375,343.6512451171875,220.07077026367188,341.6996154785156,217.3968963623047,341.5336608886719,224.95321655273438,342.30548095703125,218.34832763671875,341.4122009277344,229.16305541992188,353.42279052734375,219.7195587158203,352.068603515625,228.16482543945312,373.9557800292969,218.76165771484375,368.4981689453125,224.1469268798828,389.5303649902344,218.07005310058594,379.8446960449219,236.88177490234375,381.4315185546875,230.208251953125,381.29595947265625,230.66064453125,407.6686096191406,225.92788696289062,407.8053894042969,236.6101837158203,433.1140441894531,224.9375762939453,432.6358947753906
27,1,,217.84364318847656,343.67901611328125,219.79090881347656,341.73895263671875,217.30747985839844,341.5858154296875,224.68836975097656,342.3203430175781,218.54090881347656,341.4527282714844,229.12815856933594,353.39947509765625,219.81149291992188,352.1150817871094,228.14700317382812,373.8421936035156,218.79473876953125,368.6395568847656,224.2024688720703,389.1783142089844,218.06805419921875,379.85418701171875,236.77621459960938,381.4470520019531,230.18301391601562,381.3226318359375,230.7007293701172,407.70953369140625,225.83773803710938,407.8315124511719,236.647216796875,433.1679382324219,224.98013305664062,432.6608581542969
28,1,,217.78123474121094,343.6972961425781,219.69541931152344,341.7626037597656,217.3026580810547,341.6165466308594,224.57742309570312,342.3428649902344,218.64932250976562,341.49267578125,229.1336669921875,353.4205627441406,219.78228759765625,352.1636962890625,228.1209716796875,373.75885009765625,218.77081298828125,368.6164855957031,224.21995544433594,388.9717712402344,218.03561401367188,379.5731506347656,236.67759704589844,381.41204833984375,230.05551147460938,381.2890319824219,230.74188232421875,407.7250671386719,225.77963256835938,407.7972717285156,236.68336486816406,433.2217102050781,225.08636474609375,432.6180114746094
29,1,,217.81532287597656,343.7237854003906,219.6809844970703,341.7822265625,217.34188842773438,341.66082763671875,224.480712890625,342.3420104980469,218.71304321289062,341.5655822753906,229.09266662597656,353.39453125,219.84776306152344,352.28167724609375,228.121826171875,373.41046142578125,218.78082275390625,368.7030944824219,224.32687377929688,388.16070556640625,218.1063232421875,379.4217834472656,236.5242462158203,381.4821472167969,229.973876953125,381.4047546386719,230.73672485351562,407.7684326171875,225.7230682373047,407.8426513671875,236.65550231933594,433.2107849121094,225.1256103515625,432.5850524902344
30,1,,217.8394317626953,343.7901306152344,219.66519165039062,341.8310241699219,217.34532165527344,341.7411193847656,224.424560546875,342.3539733886719,218.72915649414062,341.669677734375,229.09837341308594,353.3824768066406,219.9927215576172,352.412109375,228.05908203125,373.1600341796875,218.88636779785156,368.9694519042969,224.38307189941406,387.2768859863281,218.17840576171875,379.6607971191406,236.407958984375,381.5478820800781,229.93678283691406,381.50323486328125,230.72628784179688,407.8011779785156,225.53695678710938,407.8537902832031,236.6356964111328,433.2218322753906,225.04580688476562,432.57342529296875
31,1,,217.5248260498047,343.80389404296875,219.21383666992188,341.77825927734375,217.04673767089844,341.8034973144531,224.04127502441406,342.262939453125,218.82745361328125,341.8531494140625,229.1571502685547,353.3320007324219,220.69000244140625,352.6922912597656,227.9379425048828,372.9152526855469,219.4987030029297,369.69049072265625,223.85690307617188,386.4295349121094,218.59512329101562,380.5132141113281,236.2255401611328,381.5989990234375,230.17449951171875,381.57745361328125,230.54820251464844,407.76220703125,225.44815063476562,407.85198974609375,236.55270385742188,433.2709655761719,225.13699340820312,432.59710693359375
32,1,,217.1804656982422,343.91864013671875,218.7122802734375,341.8716125488281,216.79312133789062,341.957763671875,223.47828674316406,342.3196716308594,218.97454833984375,342.0696105957031,229.0844268798828,353.385498046875,221.14926147460938,352.9716491699219,227.79286193847656,372.8711853027344,219.8957061767578,370.2011413574219,223.47605895996094,386.2552795410156,218.7801055908203,381.1226501464844,236.1577911376953,381.66204833984375,230.46688842773438,381.6710205078125,230.33473205566406,407.6746826171875,225.3163299560547,407.7911682128906,236.39761352539062,433.270751953125,225.30824279785156,432.62060546875
33,1,,216.8205108642578,343.9440002441406,218.30726623535156,341.87091064453125,216.46102905273438,342.01287841796875,223.22984313964844,342.33416748046875,218.905517578125,342.2331848144531,229.1316375732422,353.4508361816406,221.4993896484375,353.2389221191406,227.73916625976562,372.892578125,220.2413787841797,370.6513977050781,223.045166015625,386.07208251953125,218.7197265625,381.5787658691406,236.06275939941406,381.81781005859375,230.567626953125,381.84979248046875,230.22618103027344,407.7533264160156,225.0907440185547,407.9033508300781,236.33847045898438,433.3379211425781,225.25686645507812,432.76129150390625
34,1,,216.4459686279297,344.0417785644531,217.78921508789062,341.9461975097656,216.21878051757812,342.1348571777344,222.72265625,342.4095153808594,219.19683837890625,342.41912841796875,229.09693908691406,353.6164245605469,222.15896606445312,353.47906494140625,227.5106964111328,373.21563720703125,220.88868713378906,371.0556945800781,222.4321746826172,386.1728210449219,218.7865447998047,381.8354187011719,236.011962890625,381.8138732910156,230.98150634765625,381.8146057128906,230.0576934814453,407.71185302734375,225.0734405517578,407.8677062988281,236.20269775390625,433.3461608886719,225.48683166503906,432.83795166015625
35,1,,216.10337829589844,344.2358703613281,217.2841339111328,342.1303405761719,216.03341674804688,342.3586730957031,222.1820526123047,342.5376892089844,219.5651092529297,342.6369323730469,229.00502014160156,353.69781494140625,222.82005310058594,353.6432189941406,227.29495239257812,373.3345031738281,221.48455810546875,371.34307861328125,221.9026336669922,386.02508544921875,218.90773010253906,381.9352722167969,235.95616149902344,381.76312255859375,231.45956420898438,381.74359130859375,229.9278106689453,407.66058349609375,225.38523864746094,407.8251037597656,236.016357421875,433.3174743652344,226.00965881347656,432.8492431640625
36,1,,216.1204071044922,344.4872741699219,217.22987365722656,342.4237976074219,216.1815185546875,342.6059875488281,221.98631286621094,342.7679443359375,219.90869140625,342.7640686035156,228.82125854492188,353.82977294921875,223.01412963867188,353.6627197265625,227.1444854736328,373.4041442871094,221.66734313964844,371.30078125,221.86044311523438,385.9635925292969,218.83897399902344,382.1640625,236.0206298828125,381.8207702636719,231.83120727539062,381.7829284667969,229.95928955078125,407.7348937988281,225.9534912109375,407.8474426269531,235.89329528808594,433.2773742675781,226.7080078125,432.841064453125
37,1,,216.2633056640625,344.5871276855469,217.38897705078125,342.51336669921875,216.33839416503906,342.69891357421875,222.22779846191406,342.80938720703125,220.15826416015625,342.7995910644531,228.83023071289062,353.8005676269531,223.49063110351562,353.60076904296875,227.0919647216797,373.4042663574219,222.14698791503906,371.2881164550781,221.7893524169922,385.8760070800781,219.07101440429688,382.1691589355469,236.08990478515625,381.7384338378906,232.2847442626953,381.67822265625,229.99232482910156,407.7768249511719,226.79656982421875,407.867919921875,235.86048889160156,433.30218505859375,227.6217803955078,432.8169860839844
38,1,,216.3571014404297,344.70587158203125,217.45608520507812,342.6241760253906,216.47564697265625,342.8114318847656,222.28392028808594,342.870361328125,220.41844177246094,342.847900390625,228.78822326660156,353.7782897949219,223.8231201171875,353.5675048828125,227.05941772460938,373.35198974609375,222.40390014648438,371.3251037597656,221.93698120117188,385.69708251953125,219.43670654296875,382.1193542480469,236.15451049804688,381.6014404296875,232.66397094726562,381.5306091308594,229.8900604248047,407.6751403808594,227.3844757080078,407.7400817871094,235.71517944335938,433.2303771972656,228.31494140625,432.64093017578125
39,1,,216.39694213867188,344.7534484863281,217.56277465820312,342.6720275878906,216.49208068847656,342.862548828125,222.53175354003906,342.898681640625,220.33619689941406,342.87420654296875,228.850341796875,353.6789245605469,223.68685913085938,353.5061340332031,227.25836181640625,373.0758361816406,222.31678771972656,371.1730041503906,222.26637268066406,385.5186462402344,219.5925750732422,381.9275207519531,236.2611083984375,381.4451599121094,232.70811462402344,381.394287109375,229.88150024414062,407.60595703125,227.90440368652344,407.6561279296875,235.71099853515625,433.1936950683594,229.0814208984375,432.463134765625
40,1,,216.3906707763672,344.57489013671875,217.7303009033203,342.46240234375,216.3864288330078,342.623291015625,222.9462127685547,342.7935791015625,219.98846435546875,342.663818359375,228.9777069091797,353.7103576660156,223.3006134033203,353.3035583496094,227.44053649902344,372.9992980957031,221.6964874267578,370.52825927734375,222.44142150878906,385.47308349609375,218.856689453125,380.7946472167969,236.3795928955078,381.3246765136719,232.55259704589844,381.1807556152344,229.8433380126953,407.48443603515625,228.13092041015625,407.45318603515625,235.66983032226562,433.19384765625,230.15736389160156,432.38580322265625
41,1,,216.5467529296875,344.4729919433594,218.02244567871094,342.3401794433594,216.3850555419922,342.5019226074219,223.38259887695312,342.7218017578125,219.55982971191406,342.6064453125,229.1365509033203,353.7593688964844,222.80224609375,353.2734375,227.62025451660156,373.0032958984375,221.28396606445312,370.0301818847656,222.67735290527344,385.5646057128906,218.4048309326172,379.7632751464844,236.4629364013672,381.3232116699219,232.2452392578125,381.1678161621094,229.8088836669922,407.50482177734375,228.29159545898438,407.4722900390625,235.7723388671875,433.1300354003906,230.7668914794922,432.30975341796875
42,1,,216.61669921875,344.58599853515625,218.225830078125,342.4459533691406,216.30723571777344,342.5679931640625,223.65267944335938,342.85858154296875,219.04425048828125,342.62969970703125,229.31504821777344,353.8743896484375,222.009765625,353.1069030761719,227.8407440185547,372.9641418457031,220.37106323242188,369.2845153808594,222.7606964111328,385.2061767578125,217.88308715820312,378.19830322265625,236.6007537841797,381.2027282714844,231.75372314453125,380.96331787109375,229.88719177246094,407.41070556640625,228.13951110839844,407.28900146484375,235.77267456054688,433.0634460449219,231.55169677734375,432.2108154296875
43,1,,216.71034240722656,344.6090087890625,218.31919860839844,342.466552734375,216.29766845703125,342.57342529296875,223.54713439941406,342.8821105957031,218.7154998779297,342.6109924316406,229.34910583496094,353.90716552734375,221.33462524414062,353.0205383300781,228.11480712890625,372.968994140625,219.39996337890625,368.9266662597656,222.82508850097656,385.6889343261719,217.05479431152344,377.7993469238281,236.766845703125,381.1807556152344,231.50205993652344,380.9305725097656,229.97650146484375,407.3825988769531,228.24459838867188,407.2540588378906,235.9867401123047,433.0513610839844,232.720458984375,432.2431945800781
44,1,,216.98741149902344,344.6309814453125,218.64691162109375,342.4828796386719,216.38406372070312,342.56640625,223.6898956298828,342.91912841796875,218.29420471191406,342.584228515625,229.41310119628906,353.9832763671875,220.7407684326172,352.891845703125,228.35191345214844,373.1130065917969,218.68702697753906,368.4529113769531,222.92996215820312,386.30450439453125,216.59352111816406,377.2094421386719,236.978271484375,381.1622619628906,231.3068084716797,380.8809509277344,230.0320587158203,407.38201904296875,228.37718200683594,407.2518310546875,236.11090087890625,433.0627746582031,233.60446166992188,432.3245849609375
45,1,,217.26148986816406,344.6832580566406,218.96337890625,342.5577087402344,216.52047729492188,342.62408447265625,223.86151123046875,343.02923583984375,218.0144500732422,342.6632385253906,229.4586639404297,354.093017578125,220.2770233154297,352.9487609863281,228.5250701904297,373.3844299316406,218.4967803955078,368.4214172363281,223.1373748779297,387.28582763671875,216.94869995117188,377.36065673828125,237.1461944580078,381.2464599609375,231.13790893554688,381.0045471191406,230.02479553222656,407.45574951171875,228.43507385253906,407.3758239746094,236.32479858398438,433.038330078125,233.95553588867188,432.3233642578125
46,1,,217.28146362304688,344.6518249511719,219.07029724121094,342.53814697265625,216.50173950195312,342.5528869628906,223.96868896484375,343.1166076660156,217.87307739257812,342.5856628417969,229.4034423828125,354.17822265625,220.0708465576172,352.84869384765625,228.61341857910156,373.6456298828125,218.2653350830078,368.341552734375,223.2041015625,388.2157897949219,217.0885772705078,377.3947448730469,237.29917907714844,381.1977844238281,231.19204711914062,380.92047119140625,230.00527954101562,407.36907958984375,228.48402404785156,407.28497314453125,236.40249633789062,433.08221435546875,234.5157928466797,432.3509826660156
47,1,,217.39639282226562,344.7476501464844,219.15162658691406,342.6282653808594,216.54647827148438,342.65423583984375,223.8495635986328,343.2187805175781,217.72726440429688,342.7167663574219,229.18161010742188,354.3154296875,219.95294189453125,353.04083251953125,228.6631317138672,373.8232116699219,218.14292907714844,368.55450439453125,223.56161499023438,388.6283874511719,217.2244110107422,377.7611999511719,237.490478515625,381.3088684082031,231.49090576171875,381.0967712402344,229.90599060058594,407.44927978515625,228.82470703125,407.3894348144531,236.5862274169922,433.0752258300781,234.85623168945312,432.3082275390625
48,1,,217.56710815429688,344.94586181640625,219.41473388671875,342.7992858886719,216.5411834716797,342.8341979980469,224.12301635742188,343.4206237792969,217.36607360839844,342.9532470703125,229.0415496826172,354.5080261230469,219.9941864013672,353.24951171875,228.59494018554688,373.8673400878906,218.42095947265625,368.6311340332031,223.72775268554688,388.0305480957031,217.17340087890625,377.5961608886719,237.6365509033203,381.3666076660156,231.78419494628906,381.15576171875,229.80169677734375,407.5106506347656,229.2283172607422,407.3450012207031,236.58106994628906,433.03765869140625,235.22817993164062,432.0758361816406
49,1,,217.72268676757812,345.14306640625,219.6499786376953,342.953369140625,216.51113891601562,343.00115966796875,224.28492736816406,343.60028076171875,216.92214965820312,343.18939208984375,228.85655212402344,354.77716064453125,219.744140625,353.57965087890625,228.41819763183594,374.2492980957031,218.15257263183594,369.1265869140625,223.57467651367188,387.916748046875,216.44155883789062,378.0777587890625,237.70179748535156,381.5772705078125,231.83224487304688,381.3877258300781,229.62608337402344,407.6056213378906,229.27110290527344,407.38739013671875,236.5893096923828,433.0033874511719,235.34521484375,431.9779357910156
50,1,,217.8881072998047,345.5777282714844,219.7703399658203,343.3514099121094,216.52227783203125,343.44390869140625,224.1737823486328,343.9375305175781,216.5953826904297,343.66741943359375,228.6737518310547,355.0543518066406,219.63473510742188,354.0047607421875,228.33157348632812,374.523193359375,218.1238250732422,369.82781982421875,223.1732177734375,387.45928955078125,215.97555541992188,378.9698791503906,237.82357788085938,381.69647216796875,232.02162170410156,381.5334777832031,229.5587921142578,407.6911315917969,229.41371154785156,407.35772705078125,236.64369201660156,433.0235900878906,235.58555603027344,431.8243713378906
51,1,,217.66030883789062,345.9488220214844,219.54617309570312,343.70867919921875,216.24484252929688,343.80218505859375,223.9009246826172,344.27423095703125,216.20556640625,344.0188903808594,228.42921447753906,355.3251037597656,219.32373046875,354.3926086425781,228.36404418945312,374.6275634765625,217.81399536132812,370.4736022949219,223.19512939453125,386.84832763671875,215.2945098876953,379.9185485839844,237.93199157714844,381.85784912109375,232.0882110595703,381.7237243652344,229.50294494628906,407.8309020996094,229.3197479248047,407.4553527832031,236.654052734375,433.04656982421875,235.32830810546875,431.7960510253906
52,1,,217.3299102783203,346.085693359375,219.33421325683594,343.8333435058594,215.86399841308594,343.90179443359375,223.85899353027344,344.5263366699219,215.74017333984375,344.2160339355469,228.2869415283203,355.6719970703125,218.94776916503906,354.800537109375,228.34619140625,375.0162048339844,217.5677032470703,371.19378662109375,223.2113037109375,387.5944519042969,214.5918426513672,381.1788635253906,237.9397735595703,382.0910949707031,231.93930053710938,381.95465087890625,229.4457244873047,408.03936767578125,229.10704040527344,407.5937194824219,236.73336791992188,433.2279968261719,235.28370666503906,431.8258361816406
53,1,,216.90892028808594,346.25653076171875,218.93231201171875,343.9892883300781,215.4788360595703,344.042724609375,223.5437469482422,344.7227478027344,215.458740234375,344.36224365234375,228.08058166503906,355.9927978515625,218.61083984375,355.114013671875,228.22845458984375,375.68707275390625,217.27777099609375,371.9116516113281,223.25302124023438,388.8485412597656,214.42974853515625,382.1882629394531,237.95188903808594,382.2931213378906,231.86196899414062,382.1651306152344,229.5681915283203,408.1419372558594,229.10104370117188,407.70794677734375,236.8374786376953,433.36126708984375,235.2360076904297,431.9790344238281
54,1,,216.47410583496094,346.46807861328125,218.5159149169922,344.21148681640625,215.11074829101562,344.2342224121094,223.20582580566406,344.9916076660156,215.2325897216797,344.5416259765625,227.8074951171875,356.2344055175781,218.34207153320312,355.3816833496094,228.1920166015625,375.86529541015625,217.0523681640625,372.3712463378906,223.52992248535156,389.43084716796875,214.32752990722656,382.85986328125,237.97897338867188,382.33880615234375,231.89016723632812,382.2249755859375,229.76283264160156,408.16485595703125,229.22836303710938,407.6625061035156,237.0092315673828,433.3812561035156,235.26388549804688,431.82354736328125
55,1,,215.9495849609375,346.5226745605469,218.09010314941406,344.259521484375,214.66847229003906,344.2241516113281,222.97874450683594,345.13275146484375,214.97198486328125,344.51507568359375,227.48526000976562,356.4810791015625,218.0514678955078,355.6065368652344,228.02525329589844,376.1477355957031,216.85279846191406,372.9051513671875,223.8319091796875,390.1282958984375,214.06385803222656,383.6188049316406,237.97955322265625,382.39801025390625,231.9113006591797,382.2798156738281,229.7373504638672,408.25128173828125,229.18307495117188,407.6964416503906,237.08811950683594,433.40380859375,235.21087646484375,431.6929016113281
56,1,,215.83740234375,346.72216796875,218.03485107421875,344.44085693359375,214.49655151367188,344.3712158203125,222.94667053222656,345.36712646484375,214.64132690429688,344.6588134765625,227.4076385498047,356.849365234375,217.62086486816406,355.822509765625,227.8550262451172,376.6630859375,216.7736358642578,373.1911315917969,223.74330139160156,390.7666320800781,214.22232055664062,384.01007080078125,237.93397521972656,382.5231018066406,231.53819274902344,382.3365783691406,229.84027099609375,408.5728454589844,228.62196350097656,407.9382629394531,237.28610229492188,434.1662902832031,234.46694946289062,432.35406494140625
57,1,,215.90101623535156,346.96966552734375,218.07925415039062,344.6858825683594,214.4710235595703,344.6061706542969,222.7705841064453,345.723876953125,214.37803649902344,345.0128173828125,227.11256408691406,357.2247314453125,217.37738037109375,356.21783447265625,227.65310668945312,377.13525390625,217.0146484375,373.72760009765625,223.49697875976562,390.84002685546875,214.55111694335938,384.4127502441406,237.77859497070312,382.7324523925781,231.3658447265625,382.55426025390625,229.86978149414062,409.3079833984375,228.4055938720703,408.6245422363281,237.28314208984375,436.01666259765625,233.88294982910156,434.01507568359375
58,1,,215.89999389648438,347.2608947753906,218.11941528320312,345.0037841796875,214.39459228515625,344.8832092285156,222.647705078125,346.20025634765625,214.0335235595703,345.4099426269531,226.85076904296875,357.5611267089844,216.8507843017578,356.53521728515625,227.53770446777344,377.37445068359375,216.75865173339844,373.9917907714844,223.443359375,390.8667907714844,214.3701171875,384.73553466796875,237.68264770507812,382.93328857421875,231.08509826660156,382.7537841796875,229.6746063232422,410.4042663574219,228.06442260742188,409.6285400390625,237.0732879638672,438.64361572265625,233.50576782226562,436.3321838378906
59,1,,215.64918518066406,347.5005187988281,217.8983612060547,345.26275634765625,214.1635284423828,345.1044006347656,222.4332733154297,346.61920166015625,213.8271942138672,345.73919677734375,226.65359497070312,357.901123046875,216.59271240234375,356.856201171875,227.45399475097656,377.59234619140625,216.92755126953125,374.3096618652344,223.22300720214844,390.5661926269531,214.5831298828125,385.0484313964844,237.56069946289062,383.1470947265625,230.83682250976562,382.94354248046875,229.49453735351562,411.3218078613281,227.40234375,410.54266357421875,236.83644104003906,440.9770202636719,232.1820068359375,438.57672119140625
60,1,,215.42486572265625,347.8118896484375,217.70021057128906,345.63031005859375,213.9524383544922,345.4538269042969,222.29925537109375,347.0249328613281,213.56759643554688,346.1126708984375,226.569580078125,358.0473327636719,216.22470092773438,356.9136962890625,227.4818572998047,377.3393249511719,217.14837646484375,373.7650451660156,223.42674255371094,390.2695617675781,215.22332763671875,384.5548400878906,237.6122589111328,383.12042236328125,230.70132446289062,382.8919372558594,229.20758056640625,411.2887878417969,227.0368194580078,410.60528564453125,236.47238159179688,441.3429260253906,232.18028259277344,439.0908508300781
61,1,,214.97918701171875,348.030029296875,217.24974060058594,345.9063720703125,213.58944702148438,345.7232360839844,221.95382690429688,347.3335876464844,213.32821655273438,346.415771484375,226.36837768554688,358.0956115722656,215.88284301757812,357.0429992675781,227.35365295410156,377.0419921875,216.934326171875,373.590087890625,223.4451446533203,390.1658935546875,215.18740844726562,384.4752197265625,237.61473083496094,382.82781982421875,230.6743621826172,382.6543273925781,229.05276489257812,410.3985595703125,227.17669677734375,409.85076904296875,235.6673126220703,440.1816711425781,232.23414611816406,438.1292419433594
62,1,,214.6480712890625,348.273681640625,216.91209411621094,346.16253662109375,213.2696533203125,345.9956970214844,221.7830810546875,347.459716796875,213.0867462158203,346.5366516113281,226.43601989746094,358.09149169921875,215.4873504638672,356.927734375,226.9954833984375,376.87481689453125,216.03488159179688,373.2540588378906,223.23692321777344,390.2818603515625,214.6957550048828,384.6866455078125,237.76878356933594,382.5355224609375,230.56796264648438,382.3700256347656,228.83580017089844,408.95526123046875,227.173828125,408.5630187988281,234.5372314453125,438.092529296875,231.9302215576172,436.47515869140625
63,1,,214.36927795410156,348.5323181152344,216.59837341308594,346.41943359375,212.98214721679688,346.2893981933594,221.59901428222656,347.5824890136719,212.8922119140625,346.70611572265625,226.4509735107422,358.187744140625,215.4990692138672,356.957763671875,226.48995971679688,376.85101318359375,216.0482940673828,373.2327880859375,222.64010620117188,390.2513427734375,215.0192108154297,385.01483154296875,237.9788818359375,382.29620361328125,230.77389526367188,382.103759765625,228.46139526367188,407.1521301269531,226.96502685546875,406.8129577636719,233.42532348632812,435.23785400390625,231.5377197265625,433.8932189941406
64,1,,214.2359161376953,348.7022705078125,216.3876495361328,346.6094665527344,212.77879333496094,346.52374267578125,221.30247497558594,347.6929626464844,212.5730438232422,346.9007568359375,226.4158477783203,358.279541015625,215.2067413330078,356.9749755859375,225.94004821777344,376.9873962402344,215.6031951904297,373.1813659667969,222.1333770751953,390.7971496582031,214.67588806152344,385.24249267578125,238.20095825195312,382.0612487792969,230.9086151123047,381.8409118652344,227.97512817382812,405.4090270996094,226.92808532714844,404.97100830078125,232.16111755371094,432.7671203613281,232.15322875976562,431.3951416015625
65,1,,214.09939575195312,348.9322509765625,216.13873291015625,346.83245849609375,212.58734130859375,346.7935485839844,220.88192749023438,347.9075622558594,212.38633728027344,347.1951904296875,226.2142791748047,358.5560607910156,215.20521545410156,357.2957763671875,225.27622985839844,377.4395751953125,215.00537109375,373.9371337890625,221.3312530517578,391.3135681152344,214.05160522460938,386.2812194824219,238.24400329589844,382.1012878417969,231.11273193359375,381.8704528808594,227.65159606933594,404.60247802734375,226.97268676757812,403.8946228027344,230.93846130371094,432.21697998046875,231.4610595703125,430.430908203125
66,1,,213.9904022216797,349.4884033203125,215.92930603027344,347.33807373046875,212.4170684814453,347.3694763183594,220.54367065429688,348.2342834472656,212.22979736328125,347.6504821777344,226.09022521972656,358.7955627441406,215.28892517089844,357.611083984375,224.88453674316406,377.8861389160156,214.6144561767578,374.6482238769531,220.84205627441406,391.7810363769531,213.67718505859375,387.00439453125,238.41409301757812,382.2515869140625,231.4619903564453,382.0136413574219,226.88687133789062,404.0181579589844,226.53273010253906,403.1147766113281,229.9864959716797,432.3074951171875,231.00999450683594,430.1189270019531
67,1,,213.3965606689453,350.0260925292969,215.32781982421875,347.8652648925781,211.91812133789062,347.9027099609375,220.04489135742188,348.6724853515625,211.93038940429688,348.1239929199219,225.85047912597656,359.1170959472656,215.06817626953125,358.0367431640625,224.6290740966797,378.3254699707031,214.9593963623047,375.2498474121094,220.62112426757812,392.1677551269531,213.8631591796875,387.40399169921875,238.36892700195312,382.0393371582031,231.36190795898438,381.7632141113281,226.38632202148438,403.5107116699219,225.3210906982422,402.5942077636719,229.38803100585938,431.6816711425781,230.0509796142578,429.4348449707031
68,1,,212.7773895263672,350.5658264160156,214.71548461914062,348.411865234375,211.4190216064453,348.43304443359375,219.59854125976562,349.15008544921875,211.6505889892578,348.5726318359375,225.6920166015625,359.4395446777344,214.6710662841797,358.3935241699219,224.57614135742188,378.5141296386719,214.9423370361328,375.49346923828125,220.6896209716797,392.3248596191406,214.13201904296875,387.6279602050781,238.22239685058594,381.82025146484375,230.9691925048828,381.5191955566406,226.07064819335938,402.9176940917969,223.94532775878906,402.1324768066406,228.7610626220703,430.94378662109375,228.54916381835938,428.912841796875
69,1,,212.07899475097656,351.2281188964844,214.0313262939453,349.052734375,210.87875366210938,349.07025146484375,219.216796875,349.6277160644531,211.4854278564453,349.0409240722656,225.57325744628906,359.75128173828125,214.52865600585938,358.75958251953125,224.566650390625,378.6434326171875,215.1864013671875,375.7024841308594,220.813232421875,392.3482666015625,214.81773376464844,387.8981018066406,238.0491485595703,381.6341857910156,230.7070770263672,381.34100341796875,225.8047332763672,402.51519775390625,222.9631805419922,402.0235900878906,228.2633056640625,430.2043151855469,227.25035095214844,428.6613464355469
70,1,,211.39781188964844,351.78955078125,213.39395141601562,349.5953674316406,210.32066345214844,349.5978088378906,218.89112854003906,350.0684509277344,211.18408203125,349.4521484375,225.5557098388672,360.0770568847656,214.07220458984375,359.0856628417969,224.66583251953125,378.7978210449219,215.1520538330078,375.6981201171875,221.15420532226562,392.4495849609375,215.15573120117188,387.7758483886719,237.83448791503906,381.4960632324219,230.09521484375,381.1988220214844,225.561767578125,402.0251770019531,221.4287109375,401.8807067871094,227.8431396484375,429.538330078125,225.6846160888672,428.6142578125
71,1,,211.0475311279297,352.1257629394531,213.15023803710938,349.9461364746094,209.97315979003906,349.8876953125,218.77899169921875,350.5086975097656,210.75991821289062,349.77166748046875,225.3817138671875,360.528564453125,213.5484161376953,359.42315673828125,224.51292419433594,379.0713195800781,215.41346740722656,375.7727966308594,221.10801696777344,392.4503173828125,215.74786376953125,388.0897216796875,237.67808532714844,381.3941345214844,229.62933349609375,381.0566711425781,225.51031494140625,401.8399353027344,220.7893829345703,401.8268127441406,227.5253143310547,428.9889831542969,225.03636169433594,428.3778991699219
72,1,,210.94784545898438,352.3954772949219,213.0792236328125,350.24151611328125,209.841796875,350.159423828125,218.699951171875,350.8996887207031,210.54763793945312,350.1046142578125,225.21710205078125,360.8741149902344,213.41610717773438,359.7489929199219,224.37384033203125,379.2236022949219,215.30589294433594,376.00054931640625,220.86972045898438,392.5334777832031,215.6992645263672,388.3182373046875,237.55612182617188,381.639892578125,229.51565551757812,381.2911682128906,225.3710174560547,401.7006530761719,220.55935668945312,401.6910095214844,227.2447052001953,428.7940368652344,224.62303161621094,428.1589660644531
73,1,,211.0486602783203,352.7701416015625,213.1464385986328,350.6294860839844,209.84544372558594,350.5486145019531,218.5845947265625,351.3296203613281,210.3658447265625,350.5425720214844,224.9717559814453,361.2599182128906,213.46420288085938,360.21136474609375,224.26846313476562,379.4646301269531,215.85057067871094,376.47723388671875,220.47967529296875,392.3262634277344,216.0489044189453,388.5889587402344,237.4904327392578,381.7541198730469,229.65609741210938,381.4566650390625,225.41119384765625,401.90496826171875,221.41946411132812,401.9530944824219,226.89927673339844,428.9228515625,224.79400634765625,428.34112548828125
74,1,,211.1067657470703,353.20050048828125,213.19642639160156,351.0722351074219,209.80039978027344,350.98468017578125,218.47779846191406,351.8520812988281,210.10252380371094,351.0506286621094,224.80181884765625,361.7837829589844,213.25289916992188,360.739501953125,224.08253479003906,379.9469299316406,216.10731506347656,377.0849609375,220.0398406982422,392.2278137207031,216.32803344726562,388.8846740722656,237.424560546875,381.9023132324219,229.53302001953125,381.6116638183594,225.5217742919922,401.98046875,221.74264526367188,401.971435546875,226.49874877929688,429.1972961425781,224.57562255859375,428.4967956542969
75,1,,211.21705627441406,353.81524658203125,213.28907775878906,351.66729736328125,209.73922729492188,351.61895751953125,218.3855743408203,352.4444580078125,209.75146484375,351.75372314453125,224.61851501464844,362.2862548828125,213.1494140625,361.4053649902344,223.97605895996094,380.5050048828125,216.53018188476562,378.0014953613281,219.4598388671875,392.27435302734375,216.42361450195312,389.6980895996094,237.375244140625,381.9619445800781,229.5270233154297,381.72528076171875,225.807861328125,402.2626037597656,222.5407257080078,402.167236328125,226.10150146484375,429.6709289550781,224.52789306640625,428.7528991699219
76,1,,210.72633361816406,354.4685363769531,212.72775268554688,352.33074951171875,209.33016967773438,352.30682373046875,217.88934326171875,353.08154296875,209.5667724609375,352.43939208984375,224.58106994628906,362.89599609375,212.73187255859375,362.0727844238281,223.9289093017578,381.1966857910156,215.7221221923828,378.582275390625,219.0160675048828,392.5755920410156,214.96397399902344,389.49798583984375,236.99176025390625,382.15081787109375,228.85877990722656,381.92730712890625,226.04791259765625,402.68035888671875,222.08517456054688,402.6173095703125,225.7271270751953,430.0954895019531,223.6145477294922,429.2247009277344
77,1,,210.302978515625,355.4138488769531,212.26385498046875,353.2042541503906,208.87063598632812,353.2598876953125,217.4961700439453,353.8284912109375,209.1865997314453,353.4097595214844,224.51768493652344,363.6168518066406,212.47906494140625,363.01666259765625,224.11619567871094,382.13262939453125,215.62803649902344,379.293212890625,218.3813934326172,393.1503601074219,214.21920776367188,389.62286376953125,236.84547424316406,382.43218994140625,228.60365295410156,382.3324890136719,226.34417724609375,403.1381530761719,222.3441162109375,403.4697265625,225.59703063964844,430.3805847167969,223.69317626953125,430.1288757324219
78,1,,209.77645874023438,356.3541564941406,211.7123260498047,354.1134338378906,208.37826538085938,354.2316589355469,217.0731964111328,354.6217041015625,208.87252807617188,354.3853759765625,224.42486572265625,364.2952880859375,212.24559020996094,363.7981262207031,223.93621826171875,382.9461669921875,215.1085968017578,379.79254150390625,217.69984436035156,393.7413330078125,212.9579315185547,389.7240905761719,236.6114501953125,382.97369384765625,228.2336883544922,382.87432861328125,226.57989501953125,403.5032043457031,221.46029663085938,403.8670959472656,225.64173889160156,430.4786071777344,223.2606201171875,430.2884826660156
79,1,,209.89520263671875,357.88787841796875,211.80557250976562,355.5683288574219,208.2649688720703,355.7958984375,216.9350128173828,355.6887512207031,208.32794189453125,355.76666259765625,224.25575256347656,364.98870849609375,211.95997619628906,364.4915466308594,223.59115600585938,383.66583251953125,214.85011291503906,380.1142272949219,216.83517456054688,394.1446228027344,212.00570678710938,390.5147705078125,236.43954467773438,383.5952453613281,227.93414306640625,383.3843994140625,226.8633575439453,404.13287353515625,220.40855407714844,404.0089416503906,225.65866088867188,430.72930908203125,222.94140625,429.78125
80,1,,209.9130401611328,358.7818298339844,211.78314208984375,356.50091552734375,208.21209716796875,356.73040771484375,216.67816162109375,356.58758544921875,208.0223846435547,356.7021484375,224.0521240234375,365.7266540527344,211.55284118652344,365.06146240234375,223.04177856445312,384.0482482910156,214.18666076660156,380.20965576171875,215.9015350341797,394.31597900390625,211.08084106445312,391.15301513671875,236.24700927734375,384.3744812011719,227.5180206298828,383.9909973144531,227.0558624267578,404.5719909667969,219.04397583007812,403.8816223144531,225.74156188964844,430.6600036621094,222.3662567138672,428.8326721191406
81,1,,210.05538940429688,359.7083740234375,211.8915557861328,357.4678649902344,208.2906494140625,357.6791687011719,216.56968688964844,357.4947509765625,207.88624572753906,357.5689697265625,223.782470703125,366.4543151855469,211.5847625732422,365.5873107910156,222.36871337890625,384.38580322265625,214.61236572265625,380.51031494140625,215.00962829589844,393.96942138671875,211.79043579101562,391.5138244628906,236.24656677246094,385.1197204589844,227.60696411132812,384.5572204589844,227.2590789794922,404.74322509765625,218.6649627685547,403.5059509277344,225.79466247558594,430.5971374511719,222.09353637695312,427.96435546875
82,1,,210.70510864257812,360.3156433105469,212.4349822998047,358.1955871582031,208.8317108154297,358.33746337890625,216.48333740234375,358.238037109375,207.83221435546875,358.13128662109375,223.4748992919922,366.94281005859375,211.05886840820312,365.69183349609375,221.53131103515625,384.5017395019531,214.1709442138672,380.5306701660156,214.58920288085938,393.59869384765625,212.2117919921875,391.82843017578125,236.23854064941406,385.69073486328125,227.30300903320312,384.8927001953125,227.4215850830078,405.07757568359375,217.57992553710938,402.9277648925781,225.7728729248047,431.0492248535156,221.07601928710938,426.9520263671875
83,1,,210.7386932373047,360.89617919921875,212.49859619140625,358.8274230957031,208.8017120361328,358.9286804199219,216.42015075683594,358.9084777832031,207.5541534423828,358.6971130371094,223.25108337402344,367.4134216308594,210.68161010742188,366.0321350097656,220.8359375,384.4319152832031,213.8813018798828,380.8529357910156,214.4980926513672,392.8441467285156,212.95220947265625,392.0277404785156,236.28903198242188,386.3038635253906,227.1522216796875,385.37408447265625,227.64126586914062,405.6239929199219,217.02207946777344,402.7603454589844,225.86831665039062,431.7240905761719,220.7239227294922,426.4195251464844
84,1,,210.1286163330078,360.9443359375,211.9114990234375,358.9322814941406,208.3220977783203,358.9756164550781,216.08473205566406,359.18780517578125,207.35476684570312,358.7791748046875,223.02256774902344,367.7745666503906,210.34986877441406,366.40325927734375,220.1634063720703,384.677001953125,213.02186584472656,381.2983093261719,213.9526824951172,393.3815612792969,212.16639709472656,391.7983093261719,236.3032989501953,386.86309814453125,227.03414916992188,386.0003662109375,227.74777221679688,405.9557800292969,217.2201690673828,403.40509033203125,225.93670654296875,432.3159484863281,219.93740844726562,427.435546875
85,1,,209.70379638671875,361.685791015625,211.4840850830078,359.6498107910156,207.967529296875,359.6837463378906,215.82972717285156,359.6378173828125,207.179443359375,359.155029296875,222.75682067871094,368.0206604003906,210.22543334960938,366.6488037109375,219.44390869140625,385.3759765625,212.86434936523438,381.9589538574219,213.04600524902344,394.17242431640625,212.13839721679688,392.0634460449219,236.2371063232422,387.1157531738281,226.9287567138672,386.3239440917969,227.9507598876953,406.1949462890625,217.06948852539062,404.25189208984375,226.07887268066406,432.62359619140625,218.33547973632812,428.7977294921875
86,1,,209.7436065673828,362.3608703613281,211.3201446533203,360.3037109375,207.94935607910156,360.43023681640625,215.28224182128906,360.101806640625,207.0721435546875,359.8539733886719,222.35565185546875,368.17364501953125,210.31275939941406,367.2176818847656,218.95404052734375,385.88677978515625,213.3061065673828,383.3043212890625,212.34031677246094,395.3702697753906,212.65762329101562,394.3370056152344,236.31837463378906,387.288330078125,227.24627685546875,386.70098876953125,228.05239868164062,406.78656005859375,217.11495971679688,405.2978820800781,226.2642059326172,433.309814453125,217.64785766601562,430.06787109375
87,1,,209.1867218017578,363.2983093261719,210.69802856445312,361.1153259277344,207.33670043945312,361.41021728515625,214.8542938232422,360.4952392578125,206.7325897216797,360.67169189453125,222.0316162109375,368.2437744140625,210.8419647216797,367.82135009765625,218.53135681152344,386.3106994628906,213.5427703857422,384.2313537597656,212.05223083496094,396.0343017578125,212.46771240234375,395.0623474121094,236.54336547851562,387.4028015136719,228.19044494628906,387.0864562988281,227.90394592285156,407.1127624511719,218.9140625,406.1946716308594,226.3895721435547,433.55633544921875,219.26492309570312,431.1123962402344
88,1,,209.42066955566406,364.0410461425781,210.83641052246094,361.7341003417969,207.3334503173828,362.1756896972656,214.73069763183594,360.6846008300781,206.33961486816406,361.2294921875,221.8031768798828,368.3203430175781,210.68504333496094,368.1097412109375,218.02674865722656,387.4532775878906,213.07125854492188,385.01806640625,211.12828063964844,396.9935302734375,211.6217803955078,395.4742736816406,236.62811279296875,387.4199523925781,228.37637329101562,387.3050231933594,227.8276824951172,407.17596435546875,219.67701721191406,406.8899230957031,226.66476440429688,433.4921875,219.3895263671875,432.0810852050781
89,1,,209.58998107910156,364.76007080078125,210.8110809326172,362.39019775390625,207.3849639892578,362.96759033203125,214.37298583984375,360.9584045410156,206.23605346679688,361.8655090332031,221.4615020751953,368.2071533203125,211.1500244140625,368.4095153808594,217.81924438476562,387.6052551269531,213.6805877685547,385.7607727050781,210.98240661621094,396.5873107910156,212.41737365722656,395.50762939453125,236.692626953125,387.4285888671875,229.13226318359375,387.5212707519531,227.45057678222656,407.4842529296875,221.24252319335938,407.3711853027344,226.5387420654297,433.4952697753906,221.2265625,432.2953796386719
90,1,,209.5369110107422,365.372314453125,210.55799865722656,362.9496765136719,207.28367614746094,363.6673889160156,213.90908813476562,361.1592102050781,206.27359008789062,362.4292907714844,221.03594970703125,367.866943359375,212.08741760253906,368.613525390625,217.65744018554688,386.993408203125,214.4843292236328,386.09674072265625,211.39181518554688,395.8495788574219,212.99623107910156,395.0074768066406,236.8260040283203,387.3842468261719,230.4423065185547,387.7273864746094,227.3019256591797,408.31146240234375,223.99395751953125,408.1760559082031,226.41184997558594,434.1514587402344,224.5981903076172,432.6885681152344
91,1,,209.21034240722656,366.3080139160156,210.1873321533203,363.76409912109375,206.86317443847656,364.6022644042969,213.72325134277344,361.3046569824219,205.96676635742188,362.8782958984375,221.0004119873047,367.4818420410156,212.70852661132812,368.5664367675781,217.8443145751953,386.0822448730469,214.62689208984375,385.5712890625,211.93069458007812,394.4412536621094,212.821044921875,392.9231262207031,237.15542602539062,387.66497802734375,231.5277557373047,388.1357727050781,227.6875457763672,409.025390625,226.76458740234375,408.6482849121094,225.94326782226562,434.222900390625,228.09376525878906,432.2609558105469
92,1,,208.99534606933594,367.2605285644531,209.88824462890625,364.6719055175781,206.6581573486328,365.5666198730469,213.4878692626953,361.6494140625,205.82400512695312,363.3492126464844,221.1540985107422,367.2987365722656,212.6587371826172,368.68389892578125,218.10159301757812,384.8547668457031,214.95443725585938,385.4231262207031,212.3565216064453,393.5870361328125,213.87911987304688,392.7174987792969,237.2040252685547,387.89837646484375,231.5125732421875,388.46099853515625,228.43704223632812,409.7731018066406,227.68218994140625,409.1748046875,225.6200408935547,434.4031677246094,229.55508422851562,432.0337219238281
93,1,,208.0627899169922,367.8016052246094,208.79331970214844,365.2449645996094,206.0516357421875,366.1299743652344,212.6605682373047,361.9062805175781,206.09999084472656,363.547119140625,221.21957397460938,367.0392150878906,213.378662109375,368.69708251953125,218.74615478515625,383.624755859375,216.53195190429688,385.2519226074219,213.10260009765625,393.3360290527344,215.0144805908203,392.88751220703125,237.4805908203125,388.129150390625,232.38470458984375,388.73968505859375,228.688720703125,410.7340393066406,229.23960876464844,410.0701599121094,225.0314178466797,434.76513671875,232.508056640625,432.26129150390625
94,1,,207.8177947998047,368.8592834472656,208.48007202148438,366.29815673828125,205.8343505859375,367.2050476074219,212.3165283203125,362.5354919433594,205.87591552734375,364.2482604980469,221.42001342773438,367.2414855957031,212.89488220214844,368.9954528808594,219.2420196533203,383.2124938964844,216.92434692382812,385.1114501953125,213.59280395507812,393.64208984375,215.63006591796875,393.3075256347656,237.66175842285156,388.3416442871094,232.22825622558594,388.96856689453125,229.405517578125,411.7048034667969,230.1171875,410.8699645996094,224.88067626953125,434.8860168457031,235.06077575683594,432.1258850097656
95,1,,207.52841186523438,369.9072265625,208.13014221191406,367.3081970214844,205.44110107421875,368.28363037109375,211.8780517578125,363.1426086425781,205.10597229003906,365.0543212890625,221.81593322753906,367.54443359375,211.5140838623047,369.3338928222656,220.4192352294922,383.0496520996094,216.64578247070312,384.76263427734375,214.33010864257812,393.5023193359375,215.8965301513672,393.04931640625,238.0565185546875,388.5455322265625,231.61138916015625,389.16900634765625,229.7174835205078,412.2109069824219,230.3007049560547,411.1822509765625,224.40184020996094,434.76580810546875,237.6548614501953,431.7297668457031
96,1,,206.94786071777344,370.3614807128906,207.5978240966797,367.7987060546875,204.85157775878906,368.7969665527344,211.45361328125,363.5907897949219,204.34384155273438,365.5673522949219,221.91651916503906,367.8755798339844,210.03671264648438,369.49560546875,221.7926483154297,382.9234619140625,216.37974548339844,384.02459716796875,216.28173828125,394.09063720703125,216.74256896972656,393.10455322265625,238.099853515625,388.54644775390625,230.8000030517578,389.14459228515625,229.4585723876953,412.5738220214844,230.18846130371094,411.5304870605469,224.50830078125,434.81756591796875,240.53504943847656,431.7185363769531
97,1,,209.41510009765625,370.3160095214844,210.20718383789062,367.8873596191406,207.25079345703125,368.7894287109375,213.83473205566406,364.4796142578125,206.2427978515625,366.23974609375,223.773193359375,369.23724365234375,210.72108459472656,370.3105163574219,223.56475830078125,383.7427062988281,216.3904266357422,383.7505187988281,217.39578247070312,393.4674377441406,216.216796875,392.3331298828125,238.68609619140625,388.823974609375,230.86485290527344,389.21435546875,229.572265625,413.0643615722656,230.9165496826172,411.66455078125,224.46717834472656,434.8031005859375,243.73635864257812,431.33673095703125
98,1,,208.4247589111328,370.73919677734375,209.1829833984375,368.33050537109375,206.21592712402344,369.2706604003906,212.8361053466797,365.00439453125,205.06593322753906,366.870361328125,223.15882873535156,369.73724365234375,209.28135681152344,370.66668701171875,224.193603515625,383.371826171875,215.5047607421875,382.9438171386719,218.24636840820312,393.4296875,216.30397033691406,392.0860900878906,238.50741577148438,388.65521240234375,230.35592651367188,388.988037109375,229.65179443359375,412.9847106933594,231.8997802734375,411.3194580078125,224.8607635498047,434.6589050292969,246.64341735839844,430.7129821777344
99,1,,209.33824157714844,370.6278381347656,210.12513732910156,368.36822509765625,207.4954071044922,369.1563415527344,214.03909301757812,365.6961975097656,207.09671020507812,367.1750793457031,224.38563537597656,370.87139892578125,211.00413513183594,370.9364318847656,226.6146240234375,384.345947265625,216.54603576660156,382.2605285644531,220.5579376220703,393.4126892089844,217.27964782714844,391.8182678222656,238.77252197265625,388.7326965332031,231.18263244628906,388.6282043457031,229.65220642089844,412.8561096191406,233.0312042236328,410.7822570800781,225.38169860839844,434.5940246582031,248.4856414794922,430.3628234863281
100,1,,207.02354431152344,369.012451171875,207.9412078857422,366.7829895019531,205.37496948242188,367.5268249511719,212.6807098388672,364.817626953125,205.78839111328125,366.12823486328125,223.9278564453125,370.9160461425781,210.0357666015625,370.5590515136719,228.3371124267578,384.6907043457031,216.48342895507812,381.75140380859375,221.4441375732422,394.2291564941406,217.6865692138672,392.1920166015625,238.7053985595703,388.759033203125,230.94313049316406,388.42535400390625,229.71713256835938,412.7529296875,233.82415771484375,410.4981994628906,226.03671264648438,434.5698547363281,250.19186401367188,430.08447265625
101,1,,206.1664276123047,368.5256652832031,207.03379821777344,366.2890319824219,204.54150390625,367.05914306640625,211.87908935546875,364.6087646484375,205.2166290283203,366.03851318359375,223.59893798828125,370.8107604980469,209.79856872558594,370.82403564453125,229.33383178710938,384.21087646484375,216.54196166992188,382.01055908203125,221.09486389160156,393.3127136230469,216.66128540039062,392.5098876953125,238.6873779296875,388.6229248046875,231.0913543701172,388.36505126953125,230.00833129882812,412.8045349121094,234.95970153808594,410.8704528808594,226.71189880371094,434.6455078125,251.3961181640625,430.51507568359375
102,1,,203.40542602539062,368.65216064453125,204.09095764160156,366.32476806640625,201.94947814941406,367.21539306640625,209.13905334472656,364.0926818847656,203.27056884765625,365.864990234375,221.61827087402344,369.4537048339844,208.91880798339844,370.523193359375,229.3380126953125,382.10205078125,216.3687744140625,382.1590270996094,221.3882598876953,392.7154846191406,216.66961669921875,392.6023864746094,237.96681213378906,387.9204406738281,231.21316528320312,388.00274658203125,229.28697204589844,412.58984375,235.63119506835938,411.0273132324219,226.92430114746094,434.8773193359375,251.9975128173828,430.75567626953125
103,1,,206.77212524414062,369.37847900390625,207.5287628173828,367.1925964355469,205.68580627441406,367.93963623046875,212.4577178955078,365.29949951171875,207.47738647460938,366.7104187011719,223.55088806152344,370.03680419921875,212.63539123535156,370.8694763183594,230.9566650390625,381.43341064453125,218.76963806152344,381.273681640625,222.79940795898438,391.2748107910156,217.75900268554688,390.3083190917969,237.8716583251953,387.673828125,232.41139221191406,387.5958557128906,228.8719940185547,412.9255065917969,236.36544799804688,411.12567138671875,226.79066467285156,435.4826354980469,252.4872589111328,431.05560302734375
104,1,,205.3692169189453,369.0180969238281,205.9984893798828,366.7095031738281,203.8988037109375,367.68585205078125,210.6621551513672,364.1552429199219,204.9047088623047,366.1839904785156,222.4228515625,367.7303161621094,210.47251892089844,369.9419860839844,231.2672119140625,377.1846618652344,218.1750030517578,379.97552490234375,223.7871551513672,387.15277099609375,217.62966918945312,387.6968994140625,238.12159729003906,386.840087890625,232.02281188964844,387.3539123535156,228.80706787109375,412.8888854980469,236.25833129882812,411.6500244140625,226.3399658203125,435.68182373046875,253.6363983154297,431.3885192871094
105,1,,207.47918701171875,369.9937438964844,207.8796844482422,367.6537170410156,205.84259033203125,368.7275390625,211.66664123535156,364.287109375,206.02645874023438,366.66668701171875,222.86170959472656,366.4059143066406,211.42677307128906,369.72021484375,231.7534942626953,373.84967041015625,218.6751251220703,379.5005798339844,225.4829864501953,383.33782958984375,217.2133331298828,386.3039855957031,238.2588348388672,386.30462646484375,232.6037139892578,387.2749938964844,228.66236877441406,413.0115661621094,236.7176055908203,411.9382629394531,225.90089416503906,435.8443298339844,254.47512817382812,431.5414123535156
106,1,,208.35646057128906,369.76910400390625,208.72393798828125,367.4051513671875,206.5591583251953,368.5265808105469,212.14727783203125,363.8869323730469,206.050537109375,366.4064636230469,222.83090209960938,365.3066711425781,211.2593536376953,369.4804992675781,231.99476623535156,370.9742431640625,218.37667846679688,379.4327087402344,227.284912109375,380.58636474609375,217.21641540527344,385.6339416503906,238.36251831054688,385.7369689941406,232.70669555664062,387.1099548339844,228.4473114013672,412.90496826171875,236.79978942871094,411.7357482910156,225.28468322753906,435.880615234375,254.86912536621094,431.152587890625
107,1,,207.79443359375,369.1028137207031,208.14712524414062,366.79339599609375,206.01893615722656,367.9034423828125,211.63641357421875,363.3714599609375,205.55224609375,365.8464660644531,222.84776306152344,364.3246765136719,210.4840850830078,368.6282043457031,232.60208129882812,368.7867736816406,217.63818359375,378.35687255859375,229.23167419433594,377.05889892578125,215.91738891601562,384.70635986328125,238.80381774902344,384.647216796875,232.6558074951172,386.076171875,228.70046997070312,412.4138488769531,236.2562713623047,411.3509521484375,225.0950164794922,435.8348388671875,255.02728271484375,431.25091552734375
108,1,,205.5230255126953,367.5386657714844,205.72824096679688,365.0807189941406,203.3597869873047,366.3402404785156,208.8657684326172,361.376953125,202.185791015625,364.30084228515625,221.15562438964844,362.48699951171875,206.87710571289062,367.75201416015625,231.7063751220703,366.3089599609375,212.71615600585938,378.8664855957031,230.56065368652344,373.11138916015625,211.8101348876953,385.6410217285156,238.82911682128906,383.99749755859375,231.54466247558594,385.8591003417969,229.02610778808594,411.9676818847656,235.87106323242188,411.4150695800781,225.272216796875,435.39007568359375,255.0181884765625,431.1183166503906
109,1,,205.6235809326172,366.7867431640625,205.77203369140625,364.4253234863281,203.8402862548828,365.51531982421875,208.7616424560547,361.1184997558594,203.451904296875,363.5986328125,220.59548950195312,362.54559326171875,207.77786254882812,367.3302001953125,230.64382934570312,365.81103515625,212.34817504882812,378.0511474609375,231.2947235107422,371.0758056640625,211.7854461669922,383.8608703613281,237.77464294433594,383.7096252441406,231.42433166503906,385.39215087890625,228.91458129882812,411.7135925292969,235.79615783691406,411.0128173828125,225.9080047607422,435.3075256347656,254.62257385253906,430.9179382324219
110,1,,207.02088928222656,366.1004333496094,207.14076232910156,363.95343017578125,205.611083984375,364.8588562011719,209.9322052001953,361.4058532714844,205.84628295898438,363.397705078125,220.89419555664062,362.8974609375,209.49069213867188,367.0986328125,229.3816680908203,364.341796875,213.16128540039062,375.827880859375,231.45021057128906,367.59326171875,213.71258544921875,379.50262451171875,236.743896484375,383.3139953613281,231.19821166992188,384.7992248535156,228.48785400390625,411.386962890625,235.36807250976562,410.8016052246094,226.16212463378906,434.8292236328125,254.15005493164062,430.65838623046875
111,1,,207.42771911621094,365.3918762207031,207.41644287109375,363.339599609375,206.27549743652344,364.1434020996094,209.90525817871094,361.12359619140625,207.05804443359375,362.848876953125,220.47315979003906,363.048828125,210.9493408203125,366.582763671875,229.10780334472656,363.50775146484375,215.0498046875,373.3945007324219,232.47915649414062,364.3968200683594,216.6121063232422,374.71160888671875,236.124755859375,383.4395751953125,231.671142578125,384.64031982421875,228.1182403564453,411.4479064941406,235.204833984375,410.7417297363281,226.8274688720703,434.75872802734375,253.4237060546875,430.5682067871094
112,1,,208.2122344970703,364.1148376464844,208.248046875,361.9560546875,207.0095977783203,362.7859802246094,210.67933654785156,359.7917175292969,207.76809692382812,361.62774658203125,220.54013061523438,362.7898254394531,211.65914916992188,366.419189453125,228.3271026611328,364.2975769042969,214.55104064941406,374.89697265625,232.39134216308594,363.203125,216.14219665527344,376.8531188964844,235.54258728027344,384.212646484375,231.50318908691406,385.4405212402344,227.9549560546875,411.59527587890625,235.42799377441406,410.8851013183594,227.89608764648438,434.4441833496094,252.5598907470703,430.327880859375
113,1,,208.76329040527344,363.05218505859375,208.88870239257812,360.89398193359375,207.62850952148438,361.6940612792969,211.39553833007812,358.75177001953125,208.48989868164062,360.5368957519531,220.89370727539062,362.2037353515625,212.37062072753906,365.9296875,228.6464080810547,364.481201171875,215.34996032714844,375.64886474609375,232.5022430419922,362.431396484375,216.61257934570312,377.3055419921875,235.41188049316406,384.5382385253906,231.58407592773438,385.75958251953125,227.74285888671875,411.57147216796875,235.43594360351562,410.7557678222656,228.45700073242188,434.3393249511719,252.0419464111328,430.05303955078125
114,1,,209.302001953125,361.456787109375,209.4043731689453,359.3117370605469,208.0787353515625,360.1177673339844,211.64776611328125,357.4724426269531,208.54811096191406,359.295166015625,221.138916015625,361.568603515625,212.14810180664062,365.6076965332031,228.78602600097656,363.86358642578125,215.4545135498047,376.1990051269531,232.2154083251953,361.5467529296875,217.0242919921875,377.9428405761719,235.58306884765625,384.8349914550781,231.45677185058594,386.2055358886719,227.44261169433594,411.8451843261719,235.10720825195312,411.05792236328125,227.91017150878906,434.01007080078125,251.76031494140625,429.7803649902344
115,1,,208.62335205078125,359.70709228515625,208.7259063720703,357.47222900390625,207.21018981933594,358.3387756347656,210.8113250732422,355.6589660644531,207.2724609375,357.69378662109375,220.9774627685547,360.56475830078125,210.6043243408203,365.25579833984375,230.2999725341797,364.0716247558594,213.43466186523438,378.51373291015625,234.41998291015625,363.08709716796875,214.1299591064453,383.1951599121094,236.1360321044922,385.0373229980469,231.2976837158203,386.6600341796875,227.61691284179688,411.9117431640625,234.8955841064453,411.2782897949219,227.8249969482422,434.0242919921875,251.520751953125,429.9398498535156
116,1,,209.1230926513672,358.4501953125,209.15866088867188,356.383544921875,208.04791259765625,356.8906555175781,210.5927734375,354.9110107421875,208.59365844726562,355.9632568359375,219.8877716064453,360.7619934082031,211.91224670410156,363.2402648925781,228.26211547851562,366.3112487792969,215.2887725830078,375.1833190917969,233.16336059570312,365.16290283203125,215.26611328125,380.945068359375,235.75906372070312,385.2175598144531,232.37615966796875,386.1331481933594,227.72998046875,411.9054870605469,235.0183563232422,410.9853820800781,227.73675537109375,434.0199890136719,251.38046264648438,430.3982849121094
117,1,,209.09951782226562,357.7932434082031,209.08056640625,355.936767578125,208.38455200195312,356.22344970703125,210.28965759277344,354.67425537109375,209.3223419189453,355.1026916503906,219.73342895507812,360.37091064453125,212.33706665039062,361.969970703125,229.914794921875,364.84906005859375,218.2147979736328,371.18768310546875,234.47613525390625,364.6142883300781,220.06573486328125,374.3625793457031,235.772216796875,385.4325256347656,232.68020629882812,386.0627136230469,227.4752960205078,412.13336181640625,234.96644592285156,411.0455627441406,226.6768035888672,434.33612060546875,251.4826202392578,430.5890197753906
118,1,,208.90609741210938,357.1145324707031,208.88966369628906,355.3431396484375,208.3290252685547,355.52252197265625,210.17881774902344,354.2464904785156,209.47608947753906,354.3193359375,219.52061462402344,360.0098876953125,213.0184326171875,360.76300048828125,231.06065368652344,363.4957275390625,221.84205627441406,366.9986877441406,235.63043212890625,364.0999755859375,225.73861694335938,368.7049865722656,235.85125732421875,385.5604553222656,233.16751098632812,385.9314880371094,227.23263549804688,412.3622741699219,234.86465454101562,411.10498046875,226.04537963867188,434.58819580078125,251.27745056152344,430.82525634765625
119,1,,209.12255859375,357.03033447265625,209.16297912597656,355.2192687988281,208.6199493408203,355.38037109375,210.70436096191406,353.94305419921875,210.0729217529297,353.93896484375,219.68150329589844,359.6708679199219,214.22238159179688,360.0211486816406,231.77459716796875,362.4059143066406,223.19839477539062,364.38214111328125,237.015380859375,363.6961364746094,227.8024139404297,365.7437744140625,235.9651641845703,385.687744140625,233.90826416015625,385.8568420410156,227.104736328125,412.4572448730469,235.18260192871094,410.87896728515625,226.5100555419922,435.04931640625,250.906005859375,430.8700866699219
120,1,,209.3745574951172,356.9064025878906,209.51121520996094,355.0391540527344,208.8413848876953,355.2296142578125,211.3712615966797,353.6073913574219,210.38624572753906,353.63922119140625,219.99905395507812,359.348876953125,215.1883087158203,359.3230285644531,232.2870330810547,361.8231506347656,225.08627319335938,361.8961181640625,237.08909606933594,362.1890563964844,232.19158935546875,359.9661865234375,236.09768676757812,385.8882751464844,234.3506317138672,385.8742370605469,226.73153686523438,412.65972900390625,235.4242706298828,410.7366638183594,226.8002471923828,435.4989929199219,250.94679260253906,430.7295837402344
121,1,,209.49314880371094,356.2528991699219,209.86366271972656,354.2470703125,208.70533752441406,354.73236083984375,212.87442016601562,352.6464538574219,209.98757934570312,353.447998046875,223.08209228515625,358.0897521972656,214.01800537109375,359.70562744140625,236.68551635742188,360.2926025390625,222.9283447265625,364.7385559082031,239.70654296875,360.62432861328125,232.2571258544922,361.9090881347656,237.24044799804688,385.60784912109375,232.8720245361328,386.08905029296875,226.87405395507812,412.7547912597656,234.84849548339844,410.7772216796875,226.4433135986328,435.6650085449219,250.8013153076172,430.2575378417969
122,1,,210.83468627929688,355.2922058105469,211.2672882080078,353.1402587890625,209.57179260253906,353.79327392578125,214.30661010742188,351.6817321777344,210.07510375976562,352.905029296875,224.06004333496094,357.8260192871094,214.61668395996094,359.327392578125,235.7633514404297,361.15093994140625,222.82569885253906,364.5634460449219,239.01658630371094,361.31707763671875,231.8395538330078,361.8216857910156,237.4987335205078,385.5296936035156,232.80242919921875,385.99090576171875,227.16299438476562,412.91986083984375,234.68048095703125,410.675048828125,226.63787841796875,435.7066345214844,250.64083862304688,430.1454162597656
123,1,,211.91476440429688,354.41009521484375,212.36158752441406,352.2427062988281,210.3897247314453,353.009033203125,215.46063232421875,350.8031311035156,210.44158935546875,352.3537292480469,225.7142791748047,357.193359375,214.37144470214844,358.8937683105469,235.6615447998047,361.655029296875,221.2761993408203,365.0744323730469,237.671630859375,361.73736572265625,229.9274444580078,362.1690979003906,237.64434814453125,385.26190185546875,231.7398681640625,385.7996826171875,227.41424560546875,412.81134033203125,234.34140014648438,410.75457763671875,225.88058471679688,435.4625549316406,250.55731201171875,430.3211669921875
124,1,,212.565185546875,353.489990234375,213.2282257080078,351.2723083496094,210.69508361816406,352.158935546875,216.75807189941406,349.9283752441406,210.0948944091797,351.80316162109375,227.53749084472656,356.6085510253906,213.2045135498047,358.60919189453125,237.42442321777344,362.8966979980469,219.93087768554688,366.69366455078125,238.21897888183594,362.4637145996094,230.29978942871094,363.35003662109375,238.03216552734375,384.8349304199219,230.26718139648438,385.55548095703125,227.70033264160156,412.3824157714844,233.8584747314453,410.7388610839844,225.06805419921875,435.0704650878906,250.695068359375,430.56646728515625
125,1,,212.97471618652344,352.96734619140625,213.65948486328125,350.7498779296875,211.04579162597656,351.6811828613281,217.2722930908203,349.4262390136719,210.3893280029297,351.46929931640625,228.56906127929688,356.2555847167969,212.95494079589844,358.6441955566406,236.65628051757812,363.6548767089844,218.4856414794922,368.5181579589844,234.49964904785156,363.9919128417969,226.38372802734375,367.0810852050781,237.97959899902344,384.5305480957031,229.34463500976562,385.3368835449219,228.14642333984375,412.06048583984375,233.33953857421875,410.7135314941406,224.5404052734375,434.6802062988281,250.18475341796875,430.7470397949219
126,1,,214.51937866210938,352.3717346191406,215.12570190429688,350.0928649902344,212.20938110351562,351.18701171875,218.13633728027344,348.7573547363281,210.50271606445312,351.31988525390625,228.9000244140625,355.6861572265625,212.5482940673828,358.9367370605469,235.0917205810547,363.48272705078125,216.99180603027344,369.4291687011719,230.63055419921875,365.46014404296875,222.95193481445312,367.9365234375,237.61207580566406,384.1814270019531,228.49859619140625,385.2690734863281,228.36834716796875,411.6653747558594,233.4769744873047,410.7354736328125,224.5256805419922,434.68731689453125,250.23622131347656,430.8949279785156
127,1,,214.65296936035156,352.3034973144531,215.13888549804688,350.0948791503906,212.50262451171875,351.21661376953125,218.0165557861328,348.5345153808594,210.9971466064453,351.25543212890625,229.7716827392578,354.9045104980469,211.9965362548828,359.0342102050781,236.980712890625,362.3250427246094,215.13272094726562,370.380615234375,231.7273406982422,364.9631652832031,219.9408416748047,368.2326354980469,237.73402404785156,383.7662048339844,227.89013671875,385.1183776855469,228.58395385742188,411.3509216308594,233.77474975585938,410.8690185546875,224.3184051513672,434.65362548828125,250.3668212890625,431.1478271484375
128,1,,215.6488800048828,351.86566162109375,216.14674377441406,349.57525634765625,213.25021362304688,350.8306884765625,218.77659606933594,348.1511535644531,211.1587371826172,351.2645568847656,230.36912536621094,354.58270263671875,211.7820587158203,359.7322692871094,238.39614868164062,361.6903076171875,214.1593780517578,371.83331298828125,233.77528381347656,366.0502014160156,218.2972412109375,369.76123046875,238.0966339111328,383.413330078125,227.91702270507812,385.1875,228.67327880859375,411.0103759765625,234.11968994140625,410.9867858886719,224.03753662109375,434.50299072265625,250.5604248046875,431.19952392578125
129,1,,216.3483428955078,351.4634704589844,216.7779541015625,349.160400390625,213.88748168945312,350.4595642089844,219.0765380859375,347.7594299316406,211.6287078857422,351.0235595703125,230.62612915039062,354.35638427734375,212.0360870361328,359.8829650878906,238.21913146972656,361.61627197265625,213.17807006835938,372.3282470703125,234.4197998046875,366.5931396484375,214.07000732421875,370.0428771972656,238.24623107910156,383.2452697753906,228.1644287109375,385.1517028808594,228.75970458984375,410.94854736328125,234.37109375,411.09832763671875,223.8628692626953,434.41351318359375,250.41061401367188,431.2137756347656
130,1,,217.3876953125,350.8587341308594,217.87986755371094,348.4920654296875,214.67225646972656,349.839111328125,220.0055389404297,347.1709289550781,211.75746154785156,350.5436096191406,231.01376342773438,354.0230407714844,211.77320861816406,359.85345458984375,239.6654510498047,361.0361328125,213.28477478027344,372.8396911621094,239.76837158203125,367.28680419921875,215.1736602783203,371.744384765625,238.49136352539062,383.1378173828125,228.1476593017578,385.2889404296875,228.8850555419922,410.6939697265625,234.7998046875,411.1491394042969,223.51869201660156,434.275634765625,250.66818237304688,431.3179626464844
131,1,,217.6888885498047,350.5032958984375,218.30531311035156,348.0762634277344,214.8813934326172,349.4178771972656,220.5631103515625,346.7682189941406,211.87301635742188,350.1153259277344,231.17236328125,353.7471618652344,212.05467224121094,359.9543151855469,241.0006866455078,360.4949645996094,213.7848358154297,373.8349609375,244.62677001953125,367.6622314453125,216.1743927001953,373.9325866699219,238.65171813964844,383.3763122558594,228.5639190673828,385.7645263671875,228.6477508544922,410.6602478027344,235.22622680664062,411.5577697753906,222.91366577148438,433.90313720703125,250.78671264648438,431.5238037109375
132,1,,218.84060668945312,349.7912292480469,219.5058135986328,347.2704162597656,215.71719360351562,348.6458435058594,221.4507598876953,346.1604919433594,211.85870361328125,349.59130859375,231.08438110351562,353.64019775390625,212.25973510742188,360.08221435546875,241.10891723632812,361.0147399902344,214.89834594726562,375.014404296875,246.09246826171875,370.10394287109375,217.94960021972656,376.8183288574219,238.66806030273438,383.6302185058594,228.81375122070312,386.1732482910156,228.359619140625,410.5509338378906,235.05784606933594,411.6797180175781,222.4700927734375,433.6017150878906,250.6542510986328,431.41064453125
133,1,,219.36734008789062,349.4625244140625,219.9656982421875,346.9644775390625,216.22207641601562,348.30419921875,221.63563537597656,345.9500732421875,212.07000732421875,349.2682800292969,230.91957092285156,353.833740234375,212.30029296875,359.97454833984375,241.59954833984375,362.0992736816406,215.51942443847656,375.6222839355469,247.93313598632812,372.33648681640625,218.8102569580078,378.5438537597656,238.508544921875,384.22265625,228.8243865966797,386.6607666015625,228.2772674560547,410.7137756347656,235.14479064941406,411.6253967285156,222.84524536132812,433.8786926269531,250.6464385986328,431.29400634765625
134,1,,219.5275421142578,349.28021240234375,220.26528930664062,346.7370910644531,216.27978515625,348.0555114746094,222.08087158203125,345.68304443359375,211.87704467773438,348.9345703125,230.89486694335938,353.7924499511719,212.11514282226562,359.994140625,242.40573120117188,362.1556701660156,216.21002197265625,376.4810791015625,249.2136993408203,375.291748046875,221.252685546875,382.7481384277344,238.16720581054688,384.7492980957031,228.42750549316406,387.2218322753906,228.11044311523438,410.75115966796875,235.15830993652344,411.656982421875,223.08270263671875,434.0469665527344,250.7615203857422,431.3341979980469
135,1,,219.9107208251953,348.97845458984375,220.65464782714844,346.46063232421875,216.64683532714844,347.76605224609375,222.40225219726562,345.4989318847656,212.12791442871094,348.7050476074219,230.9762420654297,353.8489074707031,212.3420867919922,359.71746826171875,242.86973571777344,362.62384033203125,216.23939514160156,376.242919921875,249.3887176513672,375.5047912597656,221.62741088867188,382.9678955078125,238.10585021972656,385.12908935546875,228.51246643066406,387.4400329589844,227.8831024169922,411.0295104980469,235.1289825439453,411.63818359375,223.4517364501953,434.4568786621094,250.79298400878906,431.3258972167969
136,1,,220.03504943847656,348.82843017578125,220.7954864501953,346.3460998535156,216.8662109375,347.58966064453125,222.58273315429688,345.2962646484375,212.43716430664062,348.3458557128906,231.30181884765625,353.6869812011719,212.19076538085938,359.26220703125,243.36846923828125,362.6551208496094,215.82998657226562,376.40289306640625,250.0735626220703,375.73431396484375,221.03054809570312,385.5228271484375,237.9709014892578,385.0223083496094,228.08067321777344,387.19476318359375,227.81817626953125,410.9560546875,234.5142059326172,411.4077453613281,223.67002868652344,434.4588623046875,250.6405487060547,431.34320068359375
137,1,,220.37738037109375,348.6092224121094,221.0996856689453,346.1769714355469,217.25660705566406,347.4156799316406,222.89453125,345.2137145996094,212.83908081054688,348.2575988769531,231.83438110351562,353.84429931640625,211.94171142578125,359.2010803222656,243.91342163085938,362.81805419921875,215.0716552734375,376.64520263671875,250.59121704101562,375.7497253417969,219.92684936523438,387.4649963378906,237.6534423828125,385.2068176269531,227.31321716308594,387.2450256347656,227.84359741210938,411.09088134765625,234.4988250732422,411.2485046386719,223.91098022460938,434.76300048828125,250.93304443359375,431.35137939453125
138,1,,221.1488494873047,348.1217956542969,221.6939239501953,345.77471923828125,218.2397003173828,346.7752380371094,222.675537109375,345.1259460449219,214.25662231445312,347.5710754394531,229.5692596435547,354.25909423828125,215.15646362304688,358.1587829589844,237.5063018798828,364.98297119140625,220.6839141845703,375.2601013183594,242.0337371826172,377.789794921875,226.7569580078125,387.40673828125,236.2771453857422,384.9984436035156,228.93289184570312,386.50372314453125,227.72970581054688,411.1121520996094,234.77476501464844,410.9638977050781,224.3860321044922,434.7607727050781,250.36422729492188,431.78326416015625
139,1,,222.53126525878906,347.55816650390625,223.15887451171875,345.350830078125,219.76324462890625,346.19964599609375,223.9349822998047,345.0596923828125,215.7137451171875,347.1473693847656,230.16319274902344,354.1527404785156,215.72988891601562,357.9737854003906,237.61770629882812,364.7547912597656,219.5584716796875,375.50830078125,242.78280639648438,377.33441162109375,222.98681640625,387.8276062011719,236.36959838867188,384.59442138671875,229.12423706054688,386.0356140136719,227.76898193359375,410.8883361816406,234.9176025390625,410.5254211425781,224.31875610351562,435.0111999511719,250.3436737060547,431.66845703125
140,1,,223.1124267578125,346.83831787109375,223.62850952148438,344.75616455078125,220.8041534423828,345.4212951660156,223.90646362304688,344.744384765625,217.49497985839844,346.4052429199219,230.15374755859375,354.0300598144531,216.66641235351562,357.7176818847656,238.0523681640625,364.79302978515625,218.56651306152344,375.4028015136719,244.54039001464844,377.9910583496094,219.64254760742188,387.70703125,236.40194702148438,384.1661071777344,229.87734985351562,385.57354736328125,228.03472900390625,410.513427734375,234.89505004882812,410.19390869140625,224.4552459716797,434.72674560546875,250.1341552734375,431.56787109375
141,1,,223.22572326660156,346.4513244628906,223.9337615966797,344.3914794921875,221.15042114257812,344.98956298828125,224.79786682128906,344.5629577636719,218.468505859375,346.0569152832031,231.0695343017578,354.0735778808594,217.43812561035156,357.7473449707031,238.63047790527344,364.8643493652344,217.25640869140625,375.2288513183594,245.8198699951172,379.02618408203125,216.29344177246094,387.6596374511719,236.8360595703125,384.12445068359375,230.33241271972656,385.4669189453125,228.11802673339844,410.31182861328125,235.0428009033203,409.8194580078125,224.4785614013672,434.6330261230469,249.94345092773438,431.2208557128906
142,1,,222.8227996826172,346.2686767578125,223.84017944335938,344.14691162109375,220.98960876464844,344.6444091796875,225.55538940429688,344.2344970703125,219.24465942382812,345.4742126464844,231.96046447753906,353.7008056640625,218.18682861328125,357.279052734375,239.51028442382812,364.96356201171875,215.67196655273438,374.52642822265625,246.9470672607422,379.5258483886719,212.8392333984375,387.60821533203125,237.18760681152344,383.87066650390625,230.82369995117188,385.22967529296875,228.11456298828125,409.9082336425781,234.55029296875,409.7651062011719,224.4534149169922,434.3406677246094,249.01744079589844,431.2214660644531
143,1,,222.07310485839844,346.3517761230469,223.6040496826172,344.2104797363281,220.44622802734375,344.7572021484375,226.9741668701172,344.064453125,219.25643920898438,345.45062255859375,235.26754760742188,352.9197692871094,216.13021850585938,357.7727355957031,246.75872802734375,362.3641357421875,208.8408966064453,375.5303039550781,256.37066650390625,376.87603759765625,202.05062866210938,388.7314453125,238.7114715576172,383.6813659667969,229.51446533203125,385.4583740234375,228.1521759033203,409.4537353515625,233.86639404296875,409.7242126464844,223.8909149169922,433.82208251953125,248.62384033203125,430.87164306640625
144,1,,221.43389892578125,346.5332336425781,222.9517822265625,344.32672119140625,220.00987243652344,344.8721923828125,226.90248107910156,343.940185546875,219.71641540527344,345.38525390625,236.00515747070312,352.75360107421875,216.88284301757812,357.469482421875,247.65757751464844,362.4866027832031,208.059814453125,374.61773681640625,256.489990234375,376.6697998046875,199.85191345214844,387.9265441894531,239.01234436035156,383.5340881347656,229.94203186035156,385.2730712890625,228.2624053955078,409.1736755371094,233.4220733642578,409.6175842285156,223.78700256347656,433.305419921875,247.4510040283203,430.74566650390625
145,1,,221.39541625976562,346.9112243652344,223.32537841796875,344.581298828125,219.9501953125,345.1291809082031,228.7037353515625,344.03607177734375,220.05056762695312,345.43170166015625,236.76173400878906,352.98858642578125,218.45974731445312,357.1754455566406,242.6334228515625,363.3808288574219,208.62637329101562,373.4098815917969,246.761962890625,376.89471435546875,199.06182861328125,385.76922607421875,238.98228454589844,383.83233642578125,230.07699584960938,385.2002258300781,227.91268920898438,409.14776611328125,233.22232055664062,409.4408874511719,223.61221313476562,433.17431640625,246.34266662597656,430.6879577636719
146,1,,222.36923217773438,346.7618408203125,224.32614135742188,344.4396667480469,220.8888397216797,344.9788818359375,229.74835205078125,343.9296875,220.93321228027344,345.3104553222656,237.58425903320312,353.02166748046875,219.46884155273438,356.8548278808594,243.04318237304688,363.8176574707031,208.9593963623047,372.3309326171875,247.05307006835938,376.685546875,198.5313262939453,383.5322570800781,238.99899291992188,383.9835205078125,230.17227172851562,385.2086486816406,228.26437377929688,409.03155517578125,233.1769561767578,409.3609924316406,223.57150268554688,433.13555908203125,245.11802673339844,430.96514892578125
147,1,,223.4564666748047,346.5318908691406,225.52630615234375,344.26995849609375,221.93865966796875,344.7209167480469,230.94285583496094,343.9144287109375,221.74334716796875,345.09130859375,238.44155883789062,353.1573181152344,220.0316619873047,356.5843200683594,243.56211853027344,364.27606201171875,209.123046875,371.49224853515625,247.1973419189453,377.072021484375,197.93829345703125,381.40057373046875,239.14813232421875,384.20782470703125,230.1005401611328,385.2434387207031,228.7319793701172,408.851806640625,233.28887939453125,409.0599670410156,223.3605499267578,433.1217956542969,244.4676513671875,431.3945617675781
148,1,,224.70956420898438,346.51141357421875,226.83885192871094,344.1882019042969,222.96530151367188,344.57965087890625,232.1337432861328,343.71795654296875,222.37977600097656,344.8170166015625,239.66909790039062,353.26007080078125,220.25479125976562,356.139404296875,244.751953125,364.9283142089844,208.7074737548828,370.55755615234375,247.9038543701172,377.2901611328125,197.19065856933594,380.06024169921875,239.23907470703125,384.394775390625,229.64283752441406,385.22174072265625,229.23561096191406,408.724365234375,233.1327667236328,408.6866455078125,223.15467834472656,433.2530822753906,244.40249633789062,431.7379455566406
149,1,,226.68606567382812,346.2777099609375,228.8094940185547,344.02227783203125,224.7916259765625,344.4150390625,233.5644989013672,343.61541748046875,223.34912109375,344.67816162109375,240.60775756835938,353.2890319824219,220.51426696777344,355.89874267578125,245.12411499023438,364.8700866699219,209.02125549316406,369.36492919921875,247.34030151367188,377.0718994140625,197.24832153320312,377.5270690917969,239.8065643310547,384.6770324707031,229.66690063476562,385.3413391113281,229.79905700683594,408.73529052734375,233.7230224609375,408.54486083984375,223.32574462890625,433.5556335449219,245.10006713867188,432.0897216796875
150,1,,228.51319885253906,345.9463806152344,230.52557373046875,343.8127136230469,226.4028778076172,344.20074462890625,234.48709106445312,343.4435729980469,224.0065460205078,344.5539245605469,242.2412872314453,352.9243469238281,219.6600799560547,355.6182861328125,251.4631805419922,363.6075134277344,208.32191467285156,368.08831787109375,255.9348907470703,376.20587158203125,196.53956604003906,375.70269775390625,240.57644653320312,384.53271484375,229.17083740234375,385.2979431152344,230.6992645263672,408.5883483886719,234.24107360839844,408.28704833984375,223.45281982421875,433.81988525390625,245.7963104248047,432.115234375
151,1,,230.0830841064453,345.9659423828125,232.0631561279297,343.79864501953125,227.84173583984375,344.1563415527344,235.47406005859375,343.33770751953125,224.91436767578125,344.3643493652344,243.01576232910156,352.7365417480469,219.714111328125,355.0909729003906,252.56422424316406,363.4895324707031,207.7605438232422,366.93359375,255.69618225097656,375.5951232910156,195.6163330078125,374.12969970703125,240.760009765625,384.5954284667969,229.1114501953125,385.2396545410156,231.12538146972656,408.6363830566406,234.49386596679688,408.1909484863281,223.16783142089844,434.03948974609375,246.3525848388672,432.73126220703125
152,1,,231.523681640625,346.1903991699219,233.37554931640625,343.9928283691406,229.24725341796875,344.39910888671875,236.30848693847656,343.28814697265625,226.00894165039062,344.4022216796875,243.82728576660156,352.5574035644531,220.24624633789062,354.71710205078125,253.35780334472656,363.17138671875,207.99847412109375,365.8955078125,255.7254180908203,375.3016052246094,195.50735473632812,372.441650390625,241.08743286132812,384.531494140625,229.28965759277344,385.0594482421875,231.62203979492188,408.7592468261719,234.7799530029297,408.1249084472656,223.2364959716797,434.10028076171875,246.80845642089844,432.91510009765625
153,1,,232.91514587402344,346.0794372558594,234.63137817382812,343.96197509765625,230.6566162109375,344.4237976074219,237.1178741455078,343.22772216796875,227.06460571289062,344.42303466796875,244.4184112548828,352.2309265136719,220.86279296875,354.5635986328125,253.45419311523438,362.28399658203125,208.36602783203125,365.06103515625,255.1688232421875,374.3534851074219,195.87342834472656,370.5315246582031,241.8230743408203,384.3543395996094,229.92288208007812,385.00128173828125,232.361083984375,408.8859558105469,235.34530639648438,408.2890930175781,224.0741729736328,434.402099609375,247.07411193847656,432.92230224609375
154,1,,233.90838623046875,346.1177673339844,235.5253143310547,344.0084533691406,231.6612548828125,344.46844482421875,237.74295043945312,343.21337890625,227.9485321044922,344.4248962402344,244.89295959472656,351.99285888671875,221.55734252929688,354.39727783203125,253.92691040039062,361.14556884765625,208.89382934570312,364.3458251953125,255.04989624023438,371.86260986328125,196.11334228515625,369.2738952636719,242.12387084960938,384.1427917480469,230.32977294921875,384.79461669921875,232.91688537597656,408.7919921875,235.6831512451172,408.32843017578125,224.79949951171875,434.2927551269531,247.48577880859375,433.0838623046875
155,1,,234.35174560546875,346.3140563964844,235.9446258544922,344.1449890136719,232.07427978515625,344.6216125488281,238.0662078857422,343.2298889160156,228.3174285888672,344.4693603515625,245.2061309814453,351.8825988769531,221.83302307128906,354.3022155761719,254.36814880371094,361.23895263671875,208.88304138183594,364.4059143066406,255.6993408203125,371.4853210449219,196.1432342529297,369.0821838378906,242.22398376464844,384.2071228027344,230.478271484375,384.9277648925781,233.2374267578125,408.8225402832031,235.66729736328125,408.583984375,224.86244201660156,434.2376403808594,247.36558532714844,433.6835632324219
156,1,,234.70950317382812,346.3318786621094,236.2187042236328,344.248291015625,232.5,344.71917724609375,238.23062133789062,343.2970275878906,228.73329162597656,344.54248046875,245.41998291015625,351.733642578125,222.11148071289062,354.3172302246094,254.32948303222656,360.5647277832031,209.4219970703125,363.9870300292969,255.2483673095703,370.697021484375,196.71481323242188,367.9297180175781,242.72787475585938,383.92974853515625,230.84780883789062,384.7530212402344,233.59434509277344,408.6668701171875,235.87823486328125,408.6372985839844,225.61380004882812,434.19464111328125,247.80596923828125,433.43817138671875
