video_id,frame_no,left_wrist_speed,right_wrist_speed,wrist_speed_max,left_elbow_speed,right_elbow_speed,elbow_speed_max,left_elbow_angle,right_elbow_angle,left_elbow_joint_angle,right_elbow_joint_angle,left_wrist_height_rel,right_wrist_height_rel,bat_arm_wrist_speed,bat_arm_elbow_speed,bat_arm_elbow_angle,arm_activity_score,shoulder_line_angle,hip_line_angle,hip_shoulder_separation,trunk_lean,shoulder_rotation_change,left_shoulder_speed,right_shoulder_speed,shoulder_speed_max,body_center_x,body_center_y,body_center_speed,upper_body_rotation,lower_body_rotation,left_knee_speed,right_knee_speed,knee_speed_max,left_ankle_speed,right_ankle_speed,ankle_speed_max,left_knee_angle,right_knee_angle,front_knee_angle,back_knee_angle,left_hip_speed,right_hip_speed,hip_speed_max,head_movement,head_speed,left_eye_speed,right_eye_speed,head_orientation_angle,left_ear_speed,right_ear_speed,wrist_height_change,pose_activity_score,impact_like_frame_flag
f241dac4-644d-47f1-9b40-58f3adbeb395_delivery_3,0,0.0,0.0,0.0,0.0,0.0,0.0,104.0276227682297,95.59433274031342,81.88190876938721,42.95865297715116,-14.06890869140625,-8.52056884765625,0.0,0.0,42.95865297715116,0.0,-178.98528977288285,-174.95967342480247,4.025616348080376,-101.64486935753541,0.0,0.0,0.0,0.0,194.96933364868164,336.05042266845703,0.0,-178.98528977288285,-174.95967342480247,0.0,0.0,0.0,0.0,0.0,0.0,161.74563610513383,157.3770821912038,157.3770821912038,161.74563610513383,0.0,0.0,0.0,0.0,0.0,0.0,0.0,177.24387912139633,0.0,0.0,0.0,0.0,0
f241dac4-644d-47f1-9b40-58f3adbeb395_delivery_3,1,20.181360502706937,71.4080028801689,71.4080028801689,10.144474498920905,24.22243347536135,24.22243347536135,103.95526155492188,93.51913172275177,84.69244341199254,40.74454641125414,-14.43743896484375,-10.35614013671875,71.4080028801689,24.22243347536135,40.74454641125414,23.609451619282982,-179.3100555035845,-175.446759071146,3.8632964324384886,-101.91437129012505,-0.3247657307016425,7.245085736425109,8.455352622114722,8.455352622114722,194.81173706054688,336.1505355834961,5.6011920440566705,-179.3100555035845,-175.446759071146,10.813403924751276,4.601702752853955,10.813403924751276,3.3668933505380876,11.960583386483364,11.960583386483364,160.5768896124677,156.3839350012227,156.3839350012227,160.5768896124677,3.0412173011364834,3.9559157861993137,3.9559157861993137,7.999517127501317,7.999517127501317,7.869622979644439,7.884725607016163,176.8063871632908,9.659843205527197,5.55118219994931,-1.252593994140625,14.949702184805032,0
f241dac4-644d-47f1-9b40-58f3adbeb395_delivery_3,2,32.95514607332066,59.98150356931651,59.98150356931651,5.847293963896573,10.401103841477669,10.401103841477669,103.69204559877276,91.97553590736143,92.9371196447491,43.72456767965244,-15.324859619140625,-12.019775390625,59.98150356931651,10.401103841477669,43.72456767965244,21.100821256163695,-179.56871046969306,-175.859569357787,3.7091411119060638,-102.01009314207661,-0.25865496610856553,7.0814430302360245,10.338437058734714,10.338437058734714,194.58595657348633,336.2830352783203,7.8536423218292795,-179.56871046969306,-175.859569357787,6.203327121687644,13.77841341375343,13.77841341375343,2.904377747155615,15.845273062828353,15.845273062828353,160.06941649038882,156.2890135292608,156.2890135292608,160.06941649038882,5.364491533920246,8.67498623929492,8.67498623929492,7.1196469521311805,7.1196469521311805,7.522945912178994,7.972570916251373,176.3290434684035,7.553975335532256,9.251307827217104,-1.4322662353515625,14.947983054635197,0
f241dac4-644d-47f1-9b40-58f3adbeb395_delivery_3,3,22.70081387746023,53.58596362392126,53.58596362392126,19.792267379564166,25.823259497460246,25.823259497460246,103.50015615885921,90.5855386931794,93.09600765588347,43.33381072550193,-15.459014892578125,-13.29248046875,53.58596362392126,25.823259497460246,43.33381072550193,26.580220241350403,-179.62490657035357,-175.924258541204,3.700648029149562,-102.54045292763399,-0.0561961006605145,17.512334783655273,20.06668228604125,20.06668228604125,194.22113418579102,336.53885650634766,13.367344079727072,-179.62490657035357,-175.924258541204,7.606666979533245,21.129670652154882,21.129670652154882,3.5539216091547807,19.256389869562224,19.256389869562224,159.67455799536114,155.15199996104272,155.15199996104272,159.67455799536114,6.769321901286553,10.3947488096493,10.3947488096493,16.915950491511918,16.915950491511918,17.21261582059983,16.4864714085203,175.88157867686678,18.851127416049668,16.27374625359488,-1.130157470703125,19.016003439120283,0
f241dac4-644d-47f1-9b40-58f3adbeb395_delivery_3,4,33.61021355818348,95.09130280401772,95.09130280401772,20.012563288901948,33.208439941522556,33.208439941522556,102.52545712735473,88.23938599807956,96.01129583779687,50.13516054948703,-15.9842529296875,-15.68145751953125,95.09130280401772,33.208439941522556,50.13516054948703,38.020385026765325,-179.88330260545263,-176.74952078784642,3.1337818176062058,-103.09004091389565,-0.25839603509905373,23.2076574724891,22.99213309547713,23.2076574724891,193.70492935180664,336.8531951904297,18.131426172403906,-179.88330260545263,-176.74952078784642,11.74963250423317,21.300929225290993,21.300929225290993,2.918317044394956,22.276823013656944,22.276823013656944,159.17295252380134,156.39347296447926,156.39347296447926,159.17295252380134,12.987748060719234,14.121685530106282,14.121685530106282,24.884212686931395,24.884212686931395,25.690216200597636,24.836731459970384,175.53078948482263,26.18887794695716,22.666141846279466,-1.9181365966796875,26.12312046158279,0
f241dac4-644d-47f1-9b40-58f3adbeb395_delivery_3,5,26.87875752991032,42.51367600606966,42.51367600606966,22.011459762857132,20.965824762061636,22.011459762857132,101.97192747208486,86.974371985006,97.34427318736743,80.38920723178745,-16.09356689453125,-16.387298583984375,42.51367600606966,20.965824762061636,80.38920723178745,29.05101099341157,179.98129743134265,-177.88155195088726,357.8628493822299,-103.64221525699367,359.8646000367953,28.268679025048243,33.66766887452245,33.66766887452245,192.9891471862793,337.2725296020508,24.8870832266652,179.98129743134265,-177.88155195088726,14.32782532944464,30.512004995343343,30.512004995343343,10.341458774367558,27.29774234304856,27.29774234304856,158.72436939905737,157.11037626865306,157.11037626865306,158.72436939905737,17.257592520195754,22.75219133007022,22.75219133007022,25.727506501533234,25.727506501533234,26.578950130556716,28.562794362102498,175.47706273048357,28.74524771276964,35.14487097885383,-1.0680999755859375,24.73290677107829,0
f241dac4-644d-47f1-9b40-58f3adbeb395_delivery_3,6,30.799873725487533,35.41409891885315,35.41409891885315,25.618448321688124,32.85776473991845,32.85776473991845,101.12611644126602,86.79736384605403,99.79139902910168,107.86546998126155,-16.352752685546875,-16.382293701171875,35.41409891885315,32.85776473991845,107.86546998126155,32.86224527496115,-179.2137923276235,-178.41137558348072,0.8024167441427892,-104.8198197992636,-359.19508975896616,34.28473022848897,38.19855571533065,38.19855571533065,192.21835327148438,337.7057189941406,26.525434542220882,-179.2137923276235,-178.41137558348072,12.639958074803523,22.50796208841718,22.50796208841718,12.798978125753994,24.18033606109308,24.18033606109308,158.60843625559275,157.85985639072905,157.85985639072905,158.60843625559275,14.956181100185935,20.102874186930446,20.102874186930446,30.598156892184576,30.598156892184576,30.800593597603058,32.34721674428803,176.15399429006249,32.77325846570017,38.054582496673724,-0.813201904296875,25.363313440579258,0
f241dac4-644d-47f1-9b40-58f3adbeb395_delivery_3,7,8.767203662487232,32.97987467891434,32.97987467891434,38.86948186276205,51.1257195744147,51.1257195744147,100.65332738848092,87.2100059346488,90.96504277465863,55.75155860612622,-15.889373779296875,-15.751953125,32.97987467891434,51.1257195744147,55.75155860612622,35.483642867864724,-179.0569468983231,-179.22216106876155,0.16521417043844622,-106.59588797845424,0.1568454293004038,36.63050124737762,44.52907618123236,44.52907618123236,191.40220260620117,338.0752716064453,26.877573133247918,-179.0569468983231,-179.22216106876155,19.66356973654414,20.856738839774593,20.856738839774593,17.147230921052625,11.220072085486974,17.147230921052625,157.53257563583892,156.7380602827487,156.7380602827487,157.53257563583892,12.40151391763755,17.954754772784156,17.954754772784156,31.25007639666994,31.25007639666994,33.912081722676554,31.43286740148073,177.05468500422035,39.83756109514607,34.33844849592657,-0.1899871826171875,26.012144790039027,0
f241dac4-644d-47f1-9b40-58f3adbeb395_delivery_3,8,30.43732007711086,33.47964604358,33.47964604358,37.002696442669944,48.31501579998902,48.31501579998902,100.55884857843918,87.90636596121466,89.020228372408,21.8157370565063,-15.959197998046875,-15.7421875,33.47964604358,48.31501579998902,21.8157370565063,37.30758449943621,-178.95923506386453,-179.86381204766582,0.9045769838012916,-108.26270563470189,0.097711834458579,33.11696059864009,41.49386803462736,41.49386803462736,190.65631866455078,338.46553802490234,25.254418595732545,-178.95923506386453,-179.86381204766582,29.258296313824786,19.137446091475425,29.258296313824786,25.417932344314284,10.557432969818231,25.417932344314284,155.48065161603085,155.62076203236052,155.62076203236052,155.48065161603085,11.15387305753045,16.413851024535436,16.413851024535436,34.33947149010575,34.33947149010575,35.54936840965786,35.93671057316078,177.4871586096041,37.70268467106728,40.510107779666065,-0.689727783203125,27.982028233176333,0
f241dac4-644d-47f1-9b40-58f3adbeb395_delivery_3,9,39.19755367893087,32.398813026862925,39.19755367893087,39.259878267019204,35.56181138659409,39.259878267019204,100.89097704921085,87.6135655679062,88.59327477487012,11.793727339119087,-15.95208740234375,-15.542449951171875,32.398813026862925,35.56181138659409,11.793727339119087,37.00622747138192,-179.09209217458624,179.35809863417933,358.45019080876557,-110.25896226288397,-0.1328571107217158,35.320356940752205,40.2989515281322,40.2989515281322,190.0356330871582,339.0055389404297,24.681296912402615,-179.09209217458624,179.35809863417933,47.49043044556343,28.54036096084602,47.49043044556343,39.40849990037468,7.827704820948829,39.40849990037468,150.78404001254242,151.7931992604211,151.7931992604211,150.78404001254242,10.18482828394215,13.981942323688962,13.981942323688962,30.50994263496538,30.50994263496538,29.014160323228467,33.30792079528466,177.6683367647464,30.84952266115788,40.50811464930194,-0.6449127197265625,30.78926096363797,0
f241dac4-644d-47f1-9b40-58f3adbeb395_delivery_3,10,42.83786848630791,18.279788917145556,42.83786848630791,15.504554633338493,36.23242730408276,36.23242730408276,99.50016623436724,88.09181671957884,91.10160153268718,30.690077014013553,-15.91082763671875,-15.274749755859375,18.279788917145556,36.23242730408276,30.690077014013553,29.49783678852549,-179.63540479881456,178.8694542206263,358.50485901944086,-112.11402527012021,-0.5433126242283208,30.040920584005434,34.09146080627279,34.09146080627279,189.5722312927246,339.4967346191406,20.25865188213954,-179.63540479881456,178.8694542206263,46.4526564601099,12.354772651746362,46.4526564601099,33.94849661906578,8.682640998808969,33.94849661906578,146.2332593792664,149.34179718096703,149.34179718096703,146.2332593792664,9.03154992749998,10.401683243492958,10.401683243492958,36.48007309735384,36.48007309735384,35.29216970754118,34.84833600866722,178.07154338228654,34.36400155200062,32.96987619357878,-0.5225982666015625,24.82156838598974,0
f241dac4-644d-47f1-9b40-58f3adbeb395_delivery_3,11,47.46067232702493,19.68509714756071,47.46067232702493,18.38645092625972,28.426265242868666,28.426265242868666,98.64955924698614,88.67854113761277,91.62258110169093,34.36372294644736,-15.850311279296875,-15.154205322265625,19.68509714756071,28.426265242868666,34.36372294644736,27.29502639981705,179.12834479990596,178.06811144620565,1.060233353700312,-114.278314928031,358.76374959872055,26.330047214997276,23.48162554019101,26.330047214997276,189.38351440429688,339.82203674316406,11.282374851280437,179.12834479990596,178.06811144620565,53.695490830426905,8.539123203870215,53.695490830426905,39.55331243521661,8.907014220320324,39.55331243521661,140.32749432246572,146.67925852255888,146.67925852255888,140.32749432246572,3.2588272641200264,13.613619411084521,13.613619411084521,34.50413072825711,34.50413072825711,34.27417936146079,34.86343930613328,177.44839370793272,32.31551806682859,32.422984374625614,-0.4272003173828125,24.27812881366174,0
f241dac4-644d-47f1-9b40-58f3adbeb395_delivery_3,12,44.30696925885762,17.412125488638573,44.30696925885762,11.051746796995765,14.436500112167266,14.436500112167266,97.02251754398931,88.19152914572493,90.39398494045099,24.407254497860198,-15.715301513671875,-15.0677490234375,17.412125488638573,14.436500112167266,24.407254497860198,20.637799330397275,179.2894771313937,178.05250539498024,1.2369717364134658,-115.9837083158456,0.16113233148774952,24.397624047767117,12.221830277957308,24.397624047767117,189.5802345275879,340.0930404663086,10.046275049949962,179.2894771313937,178.05250539498024,60.611504139325184,27.304443456261126,60.611504139325184,64.64457334108715,35.91795664140675,64.64457334108715,134.63343221403306,145.3604828253429,145.3604828253429,134.63343221403306,9.351374223165434,33.981390072808665,33.981390072808665,37.168772927292885,37.168772927292885,34.73325831931491,37.484248917653034,177.02517109214114,24.98730585166695,28.879990648942186,-0.1592559814453125,29.636503154703163,0
f241dac4-644d-47f1-9b40-58f3adbeb395_delivery_3,13,29.589908392051868,29.00050266120293,29.589908392051868,14.940046276581358,9.136153787325062,14.940046276581358,95.83633613780594,86.62625301360818,90.84959578659017,68.86413410737697,-15.98370361328125,-14.87762451171875,29.00050266120293,9.136153787325062,68.86413410737697,19.415401821292953,-179.49304659386675,178.7072128241981,358.2002594180649,-117.68811909964242,-358.7825237252605,19.05162109818403,14.774178712412477,19.05162109818403,189.47753143310547,340.28680419921875,6.578987674923041,-179.49304659386675,178.7072128241981,21.15615817598408,6.817107726417145,21.15615817598408,26.58595597298457,0.7464817477498914,26.58595597298457,132.56128706494778,143.98897527947713,143.98897527947713,132.56128706494778,8.546704313475958,9.874781758953999,9.874781758953999,24.359286771603657,24.359286771603657,22.508499953957763,24.982353110297435,177.3734466485708,19.802318063049505,24.4122425965064,-0.314544677734375,15.851633385276946,0
f241dac4-644d-47f1-9b40-58f3adbeb395_delivery_3,14,19.575168805141303,24.08591437967006,24.08591437967006,10.984191724956176,5.527017873586574,10.984191724956176,94.79399028809523,86.02926467352721,90.15408089558525,72.6845006571833,-16.175750732421875,-14.837188720703125,24.08591437967006,5.527017873586574,72.6845006571833,14.032329637938169,-179.27448843824632,179.21927161046264,358.49376004870896,-118.96796482124853,0.21855815562042835,14.67167303712614,9.350012007148766,14.67167303712614,189.39604949951172,340.3645477294922,3.3786129996490954,-179.27448843824632,179.21927161046264,11.494765920978223,2.468667152680585,11.494765920978223,22.367982025192674,1.7994556606034549,22.367982025192674,132.23253273228732,143.55121099108814,143.55121099108814,132.23253273228732,4.346129827767081,8.796828046077561,8.796828046077561,19.76166933654486,19.76166933654486,19.495734850446784,20.38091712088051,177.3143547113735,18.7769509183982,20.200175462717176,-0.21002197265625,11.28898387174405,0
f241dac4-644d-47f1-9b40-58f3adbeb395_delivery_3,15,10.094080246587966,14.684384354312424,14.684384354312424,18.23348787306849,12.067456112880034,18.23348787306849,94.6908666244833,84.25695194112109,88.20679939667554,72.95781342709344,-16.343109130859375,-14.860137939453125,14.684384354312424,12.067456112880034,72.95781342709344,11.257640642858554,-178.06218665727502,-179.93825486709864,1.8760682098236146,-119.50319059131984,1.212301780971302,8.647224207900543,3.8192110624018665,8.647224207900543,189.3603973388672,340.3780822753906,1.1440430246150433,-178.06218665727502,-179.93825486709864,12.441315957524752,7.482876116378053,12.441315957524752,17.118750340353618,10.801868143674398,17.118750340353618,132.16990398065641,143.48642970029226,143.48642970029226,132.16990398065641,2.7992007487671384,4.881229916642986,4.881229916642986,15.91117570961199,15.91117570961199,15.972594335128868,15.016978643610624,177.5532132022807,12.381271258303261,9.889653382865594,-0.09747314453125,10.25592375670769,0
f241dac4-644d-47f1-9b40-58f3adbeb395_delivery_3,16,11.962405775910446,12.404573634325734,12.404573634325734,11.998093364048929,10.830509896954531,11.998093364048929,94.75638720356548,82.53724137983808,86.99172812452743,76.31621310204677,-16.38671875,-15.144439697265625,12.404573634325734,10.830509896954531,76.31621310204677,9.880916431879523,-176.71690837778618,-178.8614102579739,2.144501880187704,-119.43616287692622,1.3452782794888378,6.265295990147358,5.824619929890141,6.265295990147358,189.2184600830078,340.3999557495117,4.308383702029597,-176.71690837778618,-178.8614102579739,13.812825376204078,8.391719550094926,13.812825376204078,12.273295002868311,12.885943524499577,12.885943524499577,133.5798901735206,144.31102908368794,144.31102908368794,133.5798901735206,5.755372334570204,3.82579392199222,5.755372334570204,15.460771106790316,15.460771106790316,16.35972857152973,14.509058288257007,177.9808798025016,12.205338524756904,7.582146369371156,-0.1181182861328125,9.685870691792205,0
f241dac4-644d-47f1-9b40-58f3adbeb395_delivery_3,17,17.01203824226666,23.62692992240862,23.62692992240862,10.08912986504432,37.231472499399736,37.231472499399736,95.96804204850898,83.23014421496318,90.76327846352564,79.78538351795908,-16.586334228515625,-15.364715576171875,23.62692992240862,37.231472499399736,79.78538351795908,21.095339026057673,-177.5487494034941,-179.2641960332012,1.7154466297070883,-119.29747595678384,-0.8318410257079165,6.923403506649132,31.689060120577558,31.689060120577558,188.66453170776367,340.6303939819336,17.99846053072591,-177.5487494034941,-179.2641960332012,23.719800250815975,31.58461807742658,31.58461807742658,29.764795647306588,33.9232435074077,33.9232435074077,135.29693739675992,144.75042285408352,144.75042285408352,135.29693739675992,7.748840051330678,31.616459297250415,31.616459297250415,5.209027969212259,5.209027969212259,5.228291000928308,7.620105734599834,177.90668056597934,7.786869157310845,16.213833705300253,-0.4824066162109375,23.744149248990325,0
f241dac4-644d-47f1-9b40-58f3adbeb395_delivery_3,18,14.031353790816892,16.947725513993557,16.947725513993557,22.199175050176606,24.83295230627879,24.83295230627879,97.55990211672486,85.36991021201804,93.52854980853448,82.66190698375011,-16.389495849609375,-15.531951904296875,16.947725513993557,24.83295230627879,82.66190698375011,15.716711814239035,-178.93496454135808,-179.9976209430778,1.062656401719721,-119.21828719784328,-1.386215137863985,6.593695303613237,9.695368920555142,9.695368920555142,188.4664649963379,340.80445098876953,7.91035001901549,-178.93496454135808,-179.9976209430778,17.487575626047867,12.072227427976546,17.487575626047867,4.61717651790678,4.887783583740479,4.887783583740479,134.0205095593363,144.37028399940485,144.37028399940485,134.0205095593363,8.449110955511014,8.76045918031466,8.76045918031466,16.458391082462168,16.458391082462168,16.89858759986678,15.938899446852322,177.37243588851712,12.48209036950345,11.784823768112178,-0.1517486572265625,12.547883681410964,0
f241dac4-644d-47f1-9b40-58f3adbeb395_delivery_3,19,6.184061918591166,6.218598983433996,6.218598983433996,15.702465803273752,8.583287802383007,15.702465803273752,98.81603353509921,85.95825832477962,96.03379036769613,88.77784980342119,-16.267608642578125,-15.642913818359375,6.218598983433996,8.583287802383007,88.77784980342119,7.383798600863954,-178.84297085574676,179.94378892212617,358.78675977787293,-119.14350515937517,0.09199368561132815,4.098868805333437,3.515508292168361,4.098868805333437,188.31753540039062,340.83182525634766,4.542734591301711,-178.84297085574676,179.94378892212617,9.502875538372704,6.97304115515283,9.502875538372704,3.5842485388970884,5.2159018394106695,5.2159018394106695,133.83478347248038,144.83058871029544,144.83058871029544,133.83478347248038,5.610291895287657,5.355888581618855,5.610291895287657,13.583244637648939,13.583244637648939,13.975645092904351,11.305711837923637,177.5285176649481,9.358428625477886,4.658570634991525,-0.047760009765625,6.712086596160293,0
f241dac4-644d-47f1-9b40-58f3adbeb395_delivery_3,20,15.644680013110058,10.15336161586076,15.644680013110058,23.287127210714537,6.061726109032798,23.287127210714537,100.47725914551692,86.2616401036609,98.58088459408457,96.76520136567349,-16.207275390625,-15.79510498046875,10.15336161586076,6.061726109032798,96.76520136567349,11.737055816117527,-178.9548207068686,179.81022320546623,358.7650439123348,-119.44118732818568,-0.11184985112183199,9.9559600960287,5.31947985195832,9.9559600960287,188.19614028930664,340.9807662963867,5.76438945272693,-178.9548207068686,179.81022320546623,7.167974702341482,8.026550207628507,8.026550207628507,1.8725227404746738,0.7830736363595502,1.8725227404746738,132.6835984460548,143.34741602136125,143.34741602136125,132.6835984460548,5.450835526483047,5.400270476651654,5.450835526483047,8.818088096425443,8.818088096425443,9.373968991569463,9.367290497105023,177.21560741826033,9.233422791213382,8.651253290327684,-0.173065185546875,8.260296848887007,0
f241dac4-644d-47f1-9b40-58f3adbeb395_delivery_3,21,10.221154177712766,8.86664454151653,10.221154177712766,18.222074612460865,8.452940474841137,18.222074612460865,101.80463951780258,86.10376547962886,102.43307642114169,99.26413537656204,-16.332855224609375,-15.769195556640625,8.86664454151653,8.452940474841137,99.26413537656204,11.031946724668636,-179.68745020524105,179.276961615281,358.96441182052206,-119.78730275178488,-0.7326294983724608,9.528483210058019,10.900383331422496,10.900383331422496,188.0460548400879,341.19927978515625,7.952761039870583,-179.68745020524105,179.276961615281,11.914722456593577,12.276497599778677,12.276497599778677,1.3615434580972483,1.8835468255142809,1.8835468255142809,131.09469091442148,141.30123462973114,141.30123462973114,131.09469091442148,5.3645731532747165,6.9543300495905624,6.9543300495905624,3.9537295320513905,3.9537295320513905,3.404502020414569,5.048029650149809,177.0279513189389,5.677238873806643,9.42022707925412,-0.297821044921875,8.828907824238408,0
f241dac4-644d-47f1-9b40-58f3adbeb395_delivery_3,22,10.291690462023947,10.389921789287131,10.389921789287131,20.288467348555464,20.540446282089285,20.540446282089285,102.82847282941101,84.7531583156839,103.85793237909891,97.51140393288364,-16.2437744140625,-15.677764892578125,10.389921789287131,20.540446282089285,97.51140393288364,13.971553921891477,-179.50676069764097,179.2616440119915,358.7684047096325,-120.08608921907812,0.1806895076000785,12.296488695585603,10.022308953807428,12.296488695585603,188.10028457641602,341.29224395751953,3.2287585045752563,-179.50676069764097,179.2616440119915,12.397360758096847,4.842946155050472,12.397360758096847,3.905103327415223,1.0438091824507785,3.905103327415223,129.50077008827483,139.86703987768144,139.86703987768144,129.50077008827483,4.131815779331832,11.427911559827244,11.427911559827244,7.11313123560529,7.11313123560529,7.583277397251854,6.279304587446967,177.12381956877027,7.236524629434499,4.060588903539893,0.01824951171875,10.131522524460104,0
f241dac4-644d-47f1-9b40-58f3adbeb395_delivery_3,23,16.950579540186602,10.970623856202597,16.950579540186602,11.751242875353334,18.30779878784485,18.30779878784485,103.10479336798724,83.22220270273746,106.98817898363454,104.1079086887772,-16.521209716796875,-15.988189697265625,10.970623856202597,18.30779878784485,104.1079086887772,12.269014946574794,-178.88280975550904,179.6978570093782,358.58066676488727,-120.21132492993974,0.6239509421319269,9.925353668172912,5.708490951688476,9.925353668172912,188.09817504882812,341.35291290283203,1.8211682867812269,-178.88280975550904,179.6978570093782,8.438202870915443,3.976234858154864,8.438202870915443,2.950424084605609,2.272066304399983,2.950424084605609,128.51740955492843,138.89757944094757,138.89757944094757,128.51740955492843,5.166285432068841,7.196764043737072,7.196764043737072,6.330257162535923,6.330257162535923,5.635978315767836,6.2977895545834865,177.51220092936603,4.261022047621951,4.21299472277006,-0.2917938232421875,8.634505606110883,0
f241dac4-644d-47f1-9b40-58f3adbeb395_delivery_3,24,13.039264543681037,13.978383046585229,13.978383046585229,16.59536147501093,2.912325614541641,16.59536147501093,104.1066270447249,82.8364563172742,109.18483495963734,107.13270801189995,-16.54547119140625,-16.2386474609375,13.978383046585229,2.912325614541641,107.13270801189995,9.70899700061423,-179.2019047149335,179.48788313132772,358.6897878462612,-120.91475732776058,-0.3190949594244614,8.63274318167746,3.0959041421890765,8.63274318167746,188.09821701049805,341.34607696533203,0.20508198862182897,-179.2019047149335,179.48788313132772,8.943543572881392,7.438978109732888,8.943543572881392,5.874872835918693,4.450159465753408,5.874872835918693,127.59079773971885,137.5390670728773,137.5390670728773,127.59079773971885,3.4368092888779613,7.144113937253828,7.144113937253828,5.59589919900145,5.59589919900145,4.208594357239287,5.419356522844277,177.67500670726375,4.042106619424964,5.533877822414027,-0.2151031494140625,7.961871601175296,0
f241dac4-644d-47f1-9b40-58f3adbeb395_delivery_3,25,4.460229093071562,16.87683915631287,16.87683915631287,21.158367252677245,18.233905067477522,21.158367252677245,105.83158223685628,83.81120429239935,115.36124942581218,115.16989938148373,-16.546630859375,-16.283935546875,16.87683915631287,18.233905067477522,115.16989938148373,12.419956268387823,179.61577434140167,178.60007118971876,1.0157031516829136,-121.93054821680745,358.8176790563352,3.868793592940182,9.921603447847557,9.921603447847557,188.0727882385254,341.2874450683594,1.9172609650187353,179.61577434140167,178.60007118971876,5.0982956033176565,3.7660860218677366,5.0982956033176565,6.67766590646753,3.0801065689459555,6.67766590646753,127.78012296163864,137.1470672631461,137.1470672631461,127.78012296163864,10.04290831780251,5.80558565253654,10.04290831780251,13.18899848936945,13.18899848936945,10.790731094026874,12.772850263181565,177.82036279892566,1.6930930735066698,8.082773377356837,-0.1220855712890625,9.082532140105405,0
f241dac4-644d-47f1-9b40-58f3adbeb395_delivery_3,26,29.102972097709063,17.573014166042377,29.102972097709063,21.11074302082483,7.634604092965579,21.11074302082483,108.39827715518024,85.42239194386062,114.05676693484082,106.61815247326157,-15.68572998046875,-15.5284423828125,17.573014166042377,7.634604092965579,106.61815247326157,15.183524490726898,178.6201642453016,178.2111192633345,0.4090449819670994,-122.18817987265847,-0.99561009610008,4.93293246024656,10.746881106572983,10.746881106572983,188.16729354858398,341.4254837036133,5.018697700283283,178.6201642453016,178.2111192633345,7.223424294538266,8.56864114536742,8.56864114536742,9.951009936227042,3.4346546411398062,9.951009936227042,129.22197244470348,137.53614830932452,137.53614830932452,129.22197244470348,1.3036020372748707,5.877035247622597,5.877035247622597,4.493427976084437,4.493427976084437,4.166955294645786,3.7010141914063652,177.49688455391816,2.008569188201495,3.964222535785831,0.580780029296875,10.62162618721095,0
f241dac4-644d-47f1-9b40-58f3adbeb395_delivery_3,27,25.877889975350293,17.605408600624454,25.877889975350293,29.905350562054338,16.001998164048256,29.905350562054338,111.87449321975213,88.53310000334584,113.64478333661523,99.38496377540542,-14.80364990234375,-14.776763916015625,17.605408600624454,16.001998164048256,99.38496377540542,18.632602547512565,177.1491736645437,177.43444821323922,0.2852745486955257,-122.81190210544456,-1.4709905807578991,7.244348560042614,15.160619422955447,15.160619422955447,188.36726760864258,341.6246032714844,8.466073724279765,177.1491736645437,177.43444821323922,6.466664336314421,9.78690047265725,9.78690047265725,7.528696425871722,6.578161314560512,7.528696425871722,129.70051853593006,137.09994716712788,137.09994716712788,129.70051853593006,5.08851909599908,13.623879930190071,13.623879930190071,3.9704194027353243,3.9704194027353243,5.021684923028689,4.8808313666040375,176.68626896984247,6.7011971391914855,10.441271033278493,0.508636474609375,13.40570307172237,0
f241dac4-644d-47f1-9b40-58f3adbeb395_delivery_3,28,27.51981533763835,17.38169052020438,27.51981533763835,34.669701804242216,11.003941607494648,34.669701804242216,116.23225927362382,91.7327095614537,113.49635698347686,90.32366411675208,-13.637359619140625,-13.7445068359375,17.38169052020438,11.003941607494648,90.32366411675208,21.13879515315809,174.78991839108699,176.03347311022225,1.2435547191352612,-124.07041461600217,-2.3592552734567107,11.864814653743668,24.39280699562527,24.39280699562527,188.75482940673828,341.89954376220703,14.255412260043222,174.78991839108699,176.03347311022225,14.827164328577359,14.812417315583538,14.827164328577359,8.281530318430407,7.903776682447978,8.281530318430407,130.51933847136908,136.62109899306205,136.62109899306205,130.51933847136908,11.365435504592261,23.502559329676544,23.502559329676544,17.437769661825623,17.437769661825623,17.524715925456338,18.056392526778954,175.66740091378549,16.21003797991294,21.70731289023414,0.59527587890625,17.29380453318805,0
f241dac4-644d-47f1-9b40-58f3adbeb395_delivery_3,29,25.130487633381794,18.375495816296812,25.130487633381794,38.629459987116384,5.5445496397081655,38.629459987116384,121.19300360741076,97.17272123285312,113.58310459868089,83.16446990013887,-12.524383544921875,-12.5384521484375,18.375495816296812,5.5445496397081655,83.16446990013887,23.619833222794252,172.01045809205328,174.2972833435779,2.2868252515246184,-124.84737920131234,-2.779460299033701,14.55220564008556,39.486800620176794,39.486800620176794,189.39320373535156,342.3158416748047,22.86357718991193,172.01045809205328,174.2972833435779,12.618603113939935,58.75927957876142,58.75927957876142,22.64055240235181,41.32639827173398,41.32639827173398,132.92332768465013,139.13340857451126,139.13340857451126,132.92332768465013,11.034217562459814,38.66849600594988,38.66849600594988,25.606284378153127,25.606284378153127,25.05644386783156,26.089776048459637,174.09753853297244,19.89844451123205,30.476911848888243,0.6113433837890625,27.230545522663533,0
f241dac4-644d-47f1-9b40-58f3adbeb395_delivery_3,30,37.662684646224974,30.121314900291615,37.662684646224974,39.23733846616263,6.879819833495663,39.23733846616263,125.87086289847595,100.76854517128746,108.52714581625251,71.47579001611959,-11.220458984375,-10.8902587890625,30.121314900291615,6.879819833495663,71.47579001611959,26.730603175504374,168.7373123881423,172.04979296520574,3.3124805770634396,-125.68026708219946,-3.273145703910984,16.329875532367716,30.15258567448364,30.15258567448364,189.8506851196289,342.81732177734375,20.36404574691908,168.7373123881423,172.04979296520574,29.225672958980716,27.65207879359786,29.225672958980716,13.358085979526459,9.007909685340145,13.358085979526459,134.86348093538783,140.13458242111113,140.13458242111113,134.86348093538783,14.686330809148929,28.54636298798627,28.54636298798627,32.09228713107039,32.09228713107039,30.966399878453643,33.8058679610326,172.25676917350808,24.28909582813761,31.775683180923437,0.857391357421875,23.571671688967214,0
f241dac4-644d-47f1-9b40-58f3adbeb395_delivery_3,31,20.686618959222276,26.74410575664749,26.74410575664749,17.94900456633849,29.231644715296916,29.231644715296916,128.9677161058049,105.5469282341405,108.10917130487907,68.78579064506175,-10.025299072265625,-9.41741943359375,26.74410575664749,29.231644715296916,68.78579064506175,23.03376312992492,164.57904262472695,168.18130533486723,3.6022627101402804,-127.91276154498742,-4.158269763415348,15.964661437907756,27.62654334413659,27.62654334413659,190.1759262084961,343.2533950805664,16.320156938704027,164.57904262472695,168.18130533486723,31.440187032435308,23.22070465928938,31.440187032435308,23.81831424698302,9.952411589597906,23.81831424698302,135.79629035502973,141.31923756076398,141.31923756076398,135.79629035502973,22.88782882873252,23.234405258536757,23.234405258536757,24.83811248726104,24.83811248726104,24.577997337527066,27.338970165055336,170.79527319082385,25.330599516082884,31.93035912099056,0.612884521484375,22.729702532927035,0
f241dac4-644d-47f1-9b40-58f3adbeb395_delivery_3,32,161.58928659135236,15.791608015495552,161.58928659135236,98.51630371553938,25.22774462538061,98.51630371553938,120.14262786943692,107.08948162890049,132.5364159455264,72.41522747019737,-12.60760498046875,-8.51580810546875,15.791608015495552,25.22774462538061,72.41522747019737,58.88144190439223,167.6545020573034,168.2533516499443,0.598849592640903,-130.0677359569312,3.0754594325764515,26.281493188465575,25.882215290119948,26.281493188465575,190.4594497680664,343.4307861328125,10.033338169500578,167.6545020573034,168.2533516499443,49.903475743908665,23.779577586496934,49.903475743908665,18.294340619774864,6.739986328340533,18.294340619774864,140.38052662811785,145.1889836874016,145.1889836874016,140.38052662811785,28.822394301531872,8.285291059434568,28.822394301531872,35.02822842043918,35.02822842043918,34.211992924888754,35.47486840404624,170.1893065717683,28.301628822761142,32.17624767853015,-1.4434356689453125,40.7594764221534,0
f241dac4-644d-47f1-9b40-58f3adbeb395_delivery_3,33,43.27684541976255,10.117448560373285,43.27684541976255,55.05756108360759,17.097475105500013,55.05756108360759,116.54748704345715,106.40750826432198,130.78960769092228,75.4283193680506,-12.019989013671875,-7.582275390625,10.117448560373285,17.097475105500013,75.4283193680506,27.10637239867556,167.10324267605742,167.59160492279588,0.4883622467384612,-131.2235705440517,-0.5512593812459841,17.69110414060068,19.39780008220925,19.39780008220925,190.75923919677734,343.76304626464844,13.425477537019617,167.10324267605742,167.59160492279588,46.65315892744175,28.752365894854954,46.65315892744175,26.058600831452566,11.922832955369248,26.058600831452566,144.17206581526108,149.318184714052,149.318184714052,144.17206581526108,21.68986250548144,10.66785888901653,21.68986250548144,40.741663180625295,40.741663180625295,40.20938945843603,41.352452839002396,169.60273949515565,29.305768373815326,34.260562762679584,0.2563629150390625,25.698576199639152,0
f241dac4-644d-47f1-9b40-58f3adbeb395_delivery_3,34,42.38575229579177,9.078097933757192,42.38575229579177,63.80072609058324,8.045548866772311,63.80072609058324,111.65376201470004,101.25643133069876,130.59248591711645,75.65598265279775,-11.87689208984375,-7.322845458984375,9.078097933757192,8.045548866772311,75.65598265279775,29.459595512218428,168.51228792500626,169.43586680414646,0.9235788791401944,-131.71598366935598,1.4090452489488428,22.248334941300115,31.19911294510595,31.19911294510595,190.78070831298828,344.1542510986328,11.753804940327155,168.51228792500626,169.43586680414646,67.08692711264405,26.9365988010035,67.08692711264405,49.847267693658026,44.63561958434735,49.847267693658026,149.0336499292071,150.02085589118386,150.02085589118386,149.0336499292071,26.997430088007622,19.28125836677076,26.997430088007622,37.549385530789124,37.549385530789124,38.60340576773852,38.23772579979811,169.798225761094,27.609638996108863,29.275491721428974,-0.18560791015625,34.29522289331182,0
f241dac4-644d-47f1-9b40-58f3adbeb395_delivery_3,35,56.91706244359451,50.50373704569771,56.91706244359451,57.933931067469004,26.21571400131124,57.933931067469004,106.36512831399395,96.00061515602195,130.43044715189671,80.11147442230849,-12.39666748046875,-8.22509765625,50.50373704569771,26.21571400131124,80.11147442230849,38.5198304276552,169.34271005680102,170.58253570495623,1.239825648155204,-131.52020386558385,0.8304221317947622,26.718194243649272,12.830343764209452,26.718194243649272,191.06438446044922,344.53308868408203,14.198276849975363,169.34271005680102,170.58253570495623,54.60673860693425,18.5444354325718,54.60673860693425,26.35204410008634,12.421785963837005,26.35204410008634,154.37356783731414,152.3754861095553,152.3754861095553,154.37356783731414,21.33974280109598,11.957275742832378,21.33974280109598,37.32308785403559,37.32308785403559,36.53093977236388,37.87048471320372,169.4541242299772,23.63317790665177,25.616294864428927,-1.081817626953125,31.361750434440747,0
f241dac4-644d-47f1-9b40-58f3adbeb395_delivery_3,36,77.51002721092317,77.20082007509615,77.51002721092317,46.51929203221671,55.65193443183962,55.65193443183962,103.40228341861678,89.28527388114757,139.89273808013292,103.80013941516535,-14.80584716796875,-10.5074462890625,77.20082007509615,55.65193443183962,103.80013941516535,50.960017666121956,169.9719464940931,172.42010959653072,2.4481631024376327,-130.9195768511132,0.6292364372920645,28.732415310976464,20.145616935679634,28.732415310976464,191.73793411254883,344.59163665771484,20.282684712680716,169.9719464940931,172.42010959653072,55.05152197332528,18.62415652477316,55.05152197332528,30.403126926779358,18.311422676122294,30.403126926779358,159.90140944835397,155.76101639423985,155.76101639423985,159.90140944835397,21.553823310037494,11.28626373871432,21.553823310037494,15.57079546766015,15.57079546766015,13.425976139611103,15.80450012156767,168.9162338331062,11.180338092383298,15.395928221968518,-2.3616485595703125,38.41586842887364,0
f241dac4-644d-47f1-9b40-58f3adbeb395_delivery_3,37,123.56985905287043,104.20212519561963,123.56985905287043,50.85246051204048,97.13357436688955,97.13357436688955,113.47659621538338,83.05573399805292,129.45948596852628,112.39412594248218,-12.934783935546875,-13.655517578125,104.20212519561963,97.13357436688955,112.39412594248218,75.11147779412688,167.78426047157916,173.41586549758856,5.631605026009396,-128.66655693339172,-2.1876860225139296,22.36146931616591,52.54937832117533,52.54937832117533,192.5005340576172,344.49332427978516,23.067327541031037,167.78426047157916,173.41586549758856,39.2132699938413,14.443949129761712,39.2132699938413,21.033548437105924,14.695064256250532,21.033548437105924,164.26807721433585,157.1492787884047,157.1492787884047,164.26807721433585,11.421183110220628,19.205125965799606,19.205125965799606,6.6238814736903,6.6238814736903,6.245288749587152,9.212000522078378,168.07582859928618,14.438612924060244,33.78361963696092,-0.1958465576171875,47.55675063814508,0
f241dac4-644d-47f1-9b40-58f3adbeb395_delivery_3,38,39.68995746683323,105.62248054598327,105.62248054598327,33.90416891137712,46.04800415366708,46.04800415366708,112.94634036287968,81.86814429133818,135.6300562868107,136.54108546709892,-14.164764404296875,-16.617584228515625,105.62248054598327,46.04800415366708,136.54108546709892,51.3028005713069,166.05432125858775,173.4636553397778,7.409334081190053,-126.21873570184285,-1.729939212991411,44.527180027687926,38.025012322292824,44.527180027687926,193.05652236938477,343.86048126220703,25.27156423626353,166.05432125858775,173.4636553397778,34.774232662721616,35.46779587467748,35.46779587467748,18.753099444261203,45.38301185354026,45.38301185354026,170.72888898842683,158.97256611881542,158.97256611881542,170.72888898842683,10.76382380289019,11.513890972309602,11.513890972309602,16.509781359575133,16.509781359575133,16.25593277501456,17.322847780859906,165.25235873848456,28.001408642912967,31.699638913687615,-1.192169189453125,38.706054836520146,0
f241dac4-644d-47f1-9b40-58f3adbeb395_delivery_3,39,69.11923327115451,77.41035903440283,77.41035903440283,80.36910135205792,45.06272029831127,80.36910135205792,111.22365443220359,81.80971988038735,144.35640357377986,147.9540762393522,-14.59173583984375,-18.729583740234375,77.41035903440283,45.06272029831127,147.9540762393522,59.91870082592959,159.56246897841044,170.67631054620844,11.113841567798005,-124.77722467687276,-6.491852280177312,49.43756293406291,38.11322806558811,49.43756293406291,193.8417625427246,343.1363067626953,32.04571347330018,159.56246897841044,170.67631054620844,20.47765724384614,60.71691248781464,60.71691248781464,5.200004547273615,62.08363093891558,62.08363093891558,173.79541387737672,162.3554715862954,162.3554715862954,173.79541387737672,22.795867576230147,24.615558409425233,24.615558409425233,18.082070468268572,18.082070468268572,19.843382721697235,17.850521871695037,160.6122523081609,32.46162530018887,30.748966571114266,-0.35992431640625,46.283486346590244,0
f241dac4-644d-47f1-9b40-58f3adbeb395_delivery_3,40,73.42790338532552,44.202378094143576,73.42790338532552,81.5788498576211,33.450003117937534,81.5788498576211,106.72994823646478,81.27842409619164,144.5858922273765,151.13158183320695,-14.553741455078125,-19.7020263671875,44.202378094143576,33.450003117937534,151.13158183320695,51.45000931175554,153.80353734245918,167.3567169503805,13.553179607921322,-124.70598554385558,-5.758931635951257,47.45907491322842,28.581846502277088,47.45907491322842,194.57394790649414,342.2127227783203,35.358061383524536,153.80353734245918,167.3567169503805,22.72261177443991,79.76815094180203,79.76815094180203,8.32490579319825,82.250635227487,82.250635227487,176.53663786463497,166.9557730166073,166.9557730166073,176.53663786463497,34.841883190317446,35.103895412161364,35.103895412161364,24.851256166663944,24.851256166663944,28.61052013402178,24.526914111628866,157.02544811537015,36.87855812586654,31.445955745636653,0.5410919189453125,47.6426781841616,0
f241dac4-644d-47f1-9b40-58f3adbeb395_delivery_3,41,84.87421127471309,46.35405969074425,84.87421127471309,65.17304809199206,9.218967857453693,65.17304809199206,101.0735959090126,81.49476522729805,135.0246923708603,156.12311768029818,-13.123779296875,-18.684417724609375,46.35405969074425,9.218967857453693,156.12311768029818,40.22842106079917,153.4625597047308,166.25224483502637,12.789685130295567,-124.32436161722205,-0.340977637728372,25.109041493088306,10.641197956803637,25.109041493088306,194.7828826904297,341.78790283203125,14.202575739383052,153.4625597047308,166.25224483502637,28.29529236645556,49.9081983939123,49.9081983939123,13.450810216156121,76.43230650454937,76.43230650454937,179.7003234446573,168.56335205790637,168.56335205790637,179.7003234446573,14.179350623846245,8.448985646824566,14.179350623846245,9.744165130327508,9.744165130327508,11.93199035343047,5.348856835429973,154.2602360867357,15.84786125174629,16.281216570569093,1.7344512939453125,36.0071225097116,0
f241dac4-644d-47f1-9b40-58f3adbeb395_delivery_3,42,242.1162767317448,113.83245551702215,242.1162767317448,183.33025033087546,42.11813988995922,183.33025033087546,80.23989484686933,80.41240067384386,120.09596294762345,157.2407473995045,-8.27325439453125,-14.986541748046875,113.83245551702215,42.11813988995922,157.2407473995045,107.67502489371408,149.75722108113408,162.62447114551662,12.867250064382546,-125.27525001652813,-3.705338623596731,39.58678950312672,25.066237389556182,39.58678950312672,194.88363647460938,341.3164520263672,14.462899725471328,149.75722108113408,162.62447114551662,29.63808498437809,48.739371808979314,48.739371808979314,16.586800132137842,76.29390013975713,76.29390013975713,178.72624308046238,170.36653720791196,170.36653720791196,178.72624308046238,29.251680839368074,5.285331743249081,29.251680839368074,13.404543773906866,13.404543773906866,14.883863213011955,11.682653573789551,151.55798196079317,17.844742123151278,12.037177204991353,4.828125,70.98710991751284,0
f241dac4-644d-47f1-9b40-58f3adbeb395_delivery_3,43,126.14431390081573,202.8497116325281,202.8497116325281,57.56441487383138,82.71503624674118,82.71503624674118,58.68406665948909,75.52927479968851,76.94741409588454,49.145601524066194,-4.338623046875,-8.32415771484375,202.8497116325281,82.71503624674118,49.145601524066194,81.29438151670617,148.53889763702472,159.90111503340918,11.362217396384466,-125.20158533171552,-1.2183234441093589,14.044314613928485,4.448497832392111,14.044314613928485,195.17385864257812,342.0361557006836,23.280508092490496,148.53889763702472,159.90111503340918,97.05070442247334,133.16823717990025,133.16823717990025,126.64359052699754,102.17817975989632,126.64359052699754,171.25599186110148,165.7608101627831,165.7608101627831,171.25599186110148,41.32228607398868,52.55699515104412,52.55699515104412,32.876877483081365,32.876877483081365,31.45995668200746,32.64113880819503,153.37406191823246,13.872489497388058,14.149807753612551,5.23834228515625,86.72385685121144,0
f241dac4-644d-47f1-9b40-58f3adbeb395_delivery_3,44,187.91492274566855,189.83005820898077,189.83005820898077,80.77440061093839,107.24282724208244,107.24282724208244,18.37815345197264,64.91963906355357,48.97254999068507,45.53209045989296,1.497283935546875,-2.464263916015625,189.83005820898077,107.24282724208244,45.53209045989296,98.78020202087453,148.94450835679882,159.42960528123876,10.485096924439944,-125.09824522268428,0.4056107197741028,13.960064330223489,12.958938987353484,13.960064330223489,194.90118408203125,341.8454132080078,9.983020736903319,148.94450835679882,159.42960528123876,14.201695155414896,25.359151024807694,25.359151024807694,17.41402152340305,4.662028936851616,17.41402152340305,170.97304142075117,167.45351313856435,167.45351313856435,170.97304142075117,10.040488296083726,6.177841907476503,10.040488296083726,57.38662282823925,57.38662282823925,54.90456566378081,53.25126137105771,156.73986453592968,25.675050803214223,25.46865110180674,6.119964599609375,55.87803658077371,0
f241dac4-644d-47f1-9b40-58f3adbeb395_delivery_3,45,232.72110934037886,224.6671336711561,232.72110934037886,160.01986583337234,167.3042285061005,167.3042285061005,-38.61439330045622,33.026646483901814,136.43285216384797,80.62772853421173,7.88323974609375,3.54522705078125,224.6671336711561,167.3042285061005,80.62772853421173,141.58992710909502,150.10821636915577,160.64863011245365,10.540413743297876,-123.16089917546986,1.163708012356949,29.186093219007965,35.64113208455434,35.64113208455434,194.42132949829102,341.3635482788086,20.401196248647125,150.10821636915577,160.64863011245365,11.566211492991643,21.050443102049105,21.050443102049105,9.784431930391293,17.741630064432012,17.741630064432012,172.19708273472983,166.09924141448414,166.09924141448414,172.19708273472983,18.199472949330804,22.84864844026849,22.84864844026849,85.15000377832015,85.15000377832015,78.45477044307471,76.03389329165144,158.88557710537796,41.193159059825895,39.360850997896534,7.240509033203125,79.22753338616947,0
f241dac4-644d-47f1-9b40-58f3adbeb395_delivery_3,46,293.65056876231887,229.8918358055654,293.65056876231887,210.9264316615306,164.9443959359876,210.9264316615306,-57.26820554962427,-3.46028112670947,163.036109048833,118.09976923344074,15.2587890625,9.12359619140625,229.8918358055654,164.9443959359876,118.09976923344074,168.7745354903515,148.01998851323387,160.17690113723887,12.156912624005002,-120.976243769105,-2.0882278559219003,63.117411011112594,50.11656976559402,63.117411011112594,194.16743850708008,340.1521224975586,37.13235453086325,148.01998851323387,160.17690113723887,14.797431657384868,10.239535735210035,14.797431657384868,3.3942367225105823,17.223470864164796,17.223470864164796,171.3154150541014,166.8514034866857,166.8514034866857,171.3154150541014,21.99692311168874,21.477263092799006,21.99692311168874,97.57475822581281,97.57475822581281,92.02554827795998,88.27929757143502,159.71267478345908,63.56708897931092,55.92374710926231,8.364044189453125,91.81467284382224,0
f241dac4-644d-47f1-9b40-58f3adbeb395_delivery_3,47,119.13769497795924,222.07796505016523,222.07796505016523,80.77865116988802,173.63899600537928,173.63899600537928,-61.882271732649045,-28.75692880574659,163.0037551810039,140.66664410475923,17.85888671875,14.278167724609375,222.07796505016523,173.63899600537928,140.66664410475923,116.93024947091243,151.2193075420124,162.13636125518985,10.917053713177467,-117.97609994356583,3.1993190287785183,40.67187886530264,65.27631075678016,65.27631075678016,193.8885269165039,339.0757827758789,33.35669325099408,151.2193075420124,162.13636125518985,21.302069359330677,6.0020917612035065,21.302069359330677,16.590221458215005,3.9086542955741956,16.590221458215005,171.20421508586733,167.96532083468526,167.96532083468526,171.20421508586733,26.920001071367007,27.57554404538777,27.57554404538777,104.69998732906579,104.69998732906579,100.97177073651548,96.65803681615026,161.46935361356628,72.05523070840793,65.55928139160311,5.625762939453125,66.99000656804604,0
f241dac4-644d-47f1-9b40-58f3adbeb395_delivery_3,48,172.8613364721419,164.67628811925798,172.8613364721419,153.53500789274673,139.4005923047847,153.53500789274673,-63.89439439373628,-38.246268495675125,165.40981985004626,149.13711670119818,21.070526123046875,17.500946044921875,164.67628811925798,139.4005923047847,149.13711670119818,128.43307382998634,153.86748722432745,165.73019480657993,11.862707582252483,-115.6952387289049,2.6481796823150603,71.63478284165745,68.49043534932922,71.63478284165745,193.38483810424805,336.8819580078125,67.52712476713343,153.86748722432745,165.73019480657993,101.07965210118381,136.42805090644754,136.42805090644754,122.54361377409323,117.93737766007649,122.54361377409323,178.339663939892,176.5415611665257,176.5415611665257,178.339663939892,64.02502420780426,81.35473344388897,81.35473344388897,104.88769283308437,104.88769283308437,95.91031455718408,95.09590136729801,160.91598607322913,68.54513068710153,65.14388318191092,5.4804840087890625,116.16390792278436,0
f241dac4-644d-47f1-9b40-58f3adbeb395_delivery_3,49,92.71626978700256,179.59180503353002,179.59180503353002,97.06357446127431,131.17033300528615,131.17033300528615,-61.750428345873964,-44.13549939352334,160.73942825859552,157.50867031787692,21.86688232421875,20.853240966796875,179.59180503353002,131.17033300528615,157.50867031787692,106.06131903317822,156.8550620677292,167.87553424435123,11.020472176622036,-112.61924246096105,2.9875748434017453,64.23018592263003,71.59574598934624,71.59574598934624,193.1600456237793,335.3849411010742,45.414008306930924,156.8550620677292,167.87553424435123,19.81240650954154,47.584181643638324,47.584181643638324,17.164483855878842,50.958671753826785,50.958671753826785,177.9077131439173,177.6594752010364,177.6594752010364,177.9077131439173,26.400506981123865,40.63273786822343,40.63273786822343,101.10577573739957,101.10577573739957,92.28848097693258,94.36580677326675,160.36782348059418,71.16042334354296,72.42052746532963,4.286376953125,69.91007523427518,0
f241dac4-644d-47f1-9b40-58f3adbeb395_delivery_3,50,32.32660958936021,108.61313072549837,108.61313072549837,48.00625394006357,73.79628848899956,73.79628848899956,-56.84366883502589,-48.13044031632706,151.34106258167316,161.58164905757752,21.272918701171875,22.7933349609375,108.61313072549837,73.79628848899956,161.58164905757752,59.22990974560548,159.30088729440942,169.00012734024318,9.699240045833761,-110.30353420506651,2.4458252266802276,42.30933329652852,50.327842433182695,50.327842433182695,192.9775848388672,334.3147659301758,32.56854542337466,159.30088729440942,169.00012734024318,25.2542602078355,38.92825878909597,38.92825878909597,5.625944430817865,72.15821788458958,72.15821788458958,179.24657297525528,179.62543786467802,179.62543786467802,179.24657297525528,24.077498246894987,32.67163519141908,32.67163519141908,67.40548195147686,67.40548195147686,64.48341864327192,65.7871874773778,159.8095014874829,54.99076262521629,56.612700388664976,2.164642333984375,46.17460610202382,0
f241dac4-644d-47f1-9b40-58f3adbeb395_delivery_3,51,50.3448411511771,74.30210961326698,74.30210961326698,43.78917916889157,53.894496330220676,53.894496330220676,-50.2543460072159,-50.729423461111516,143.47497667947164,165.0420063294158,19.0587158203125,23.792724609375,74.30210961326698,53.894496330220676,165.0420063294158,49.80224701846759,161.36743669819893,169.84884641881698,8.481409720618046,-107.7613901256964,2.0665494037895087,32.20728540407003,44.27557044317918,44.27557044317918,192.77281951904297,333.46582794189453,26.198513120686016,161.36743669819893,169.84884641881698,23.10320321703139,36.664227828356786,36.664227828356786,8.04297041285073,55.218223022271225,55.218223022271225,179.3432771111667,179.584212174032,179.584212174032,179.3432771111667,27.31304099628562,29.68217318987653,29.68217318987653,53.88012009603627,53.88012009603627,50.32470367513797,51.788325094965714,158.54140283192515,42.59511157546035,45.449485529053916,0.5994873046875,39.903110064789814,0
f241dac4-644d-47f1-9b40-58f3adbeb395_delivery_3,52,41.11810682161625,18.85677604036069,41.11810682161625,63.477788375791484,27.010542217902433,63.477788375791484,-43.1185474054555,-51.438796925292024,130.2971869201145,165.9749000593234,17.776702880859375,23.48638916015625,18.85677604036069,27.010542217902433,165.9749000593234,34.46227876793087,163.66935095871253,171.61314791889006,7.9437969601775364,-105.41738910528187,2.3019142605135983,27.209530650625126,29.10092850128924,29.10092850128924,192.63653945922852,332.8877868652344,17.816659813458784,163.66935095871253,171.61314791889006,13.731055203091572,43.16604776935952,43.16604776935952,9.337312974119618,54.3374976932385,54.3374976932385,179.5965307496209,179.99648085325464,179.99648085325464,179.5965307496209,20.10880139527331,30.8364649596121,30.8364649596121,38.00071025725962,38.00071025725962,36.21194597629254,35.88498819480767,157.555430748278,29.414880245361683,28.123355102121643,-0.0354461669921875,31.524237716856657,0
f241dac4-644d-47f1-9b40-58f3adbeb395_delivery_3,53,46.93449787454886,53.26461372596764,53.26461372596764,60.92315596419387,19.87347292853439,60.92315596419387,-35.789934339798684,-49.30323775614249,115.38950403333091,165.38787299036179,15.933441162109375,21.1917724609375,53.26461372596764,19.87347292853439,165.38787299036179,37.25528752566688,164.46137038744098,172.39281240249605,7.931442015055069,-103.30978430295025,0.7920194287284517,25.33415034040296,17.201834320353527,25.33415034040296,192.44789505004883,332.5106430053711,12.65076217990817,164.46137038744098,172.39281240249605,14.774736285454422,31.067129175465432,31.067129175465432,2.754326240492293,23.53224377200722,23.53224377200722,179.84577233013292,178.95473708501973,178.95473708501973,179.84577233013292,18.67226641448714,26.98931024036422,26.98931024036422,26.14689629610259,26.14689629610259,28.35663091569442,26.937518110540235,157.1057661825098,30.331461938933323,25.849231329269436,-1.5080718994140625,28.443478106855995,0
f241dac4-644d-47f1-9b40-58f3adbeb395_delivery_3,54,54.53192585526988,112.64766086409215,112.64766086409215,57.68441131814774,95.5976384695039,95.5976384695039,-29.148042503016534,-53.557380212592854,95.84988978545623,172.9063499515684,13.66790771484375,18.174285888671875,112.64766086409215,95.5976384695039,172.9063499515684,61.11601712606414,165.22896937499596,173.13737091471052,7.908401539714561,-101.48361567030908,0.767598987554976,29.859067644634504,16.37539860473669,29.859067644634504,192.1587677001953,332.2379150390625,11.923827038167099,165.22896937499596,173.13737091471052,19.361997323360644,27.612643849442623,27.612643849442623,6.108858670934161,13.15794695262534,13.15794695262534,178.41010216605378,178.31555797705906,178.31555797705906,178.41010216605378,14.489090532675595,33.9685264785018,33.9685264785018,29.717134166427403,29.717134166427403,24.211611447954766,23.383039758003584,156.02935161953016,15.771744331042157,12.004576106208182,-2.2862548828125,40.11626388032709,0
f241dac4-644d-47f1-9b40-58f3adbeb395_delivery_3,55,39.63984739332555,54.270191006160246,54.270191006160246,43.72008557444798,60.97527607176158,60.97527607176158,-23.870821204598784,-56.7115087367423,81.54186950778333,179.43525480811556,11.902008056640625,16.319549560546875,54.270191006160246,60.97527607176158,179.43525480811556,39.59170598179971,165.45405577960898,173.5912413721506,8.137185592541613,-99.86861412998552,0.2250864046130232,24.23714747926045,14.707688365842463,24.23714747926045,191.8370590209961,331.8995132446289,14.007534539424983,165.45405577960898,173.5912413721506,22.08565488069177,17.549672064684188,22.08565488069177,8.747412078550282,7.039632821833732,8.747412078550282,176.8867412001506,178.26709354670461,178.26709354670461,176.8867412001506,17.504226446814517,31.678644031482932,31.678644031482932,48.69500036995838,48.69500036995838,42.79811619787226,42.317930784496646,154.58760681716595,17.77624068581657,18.402802730052056,-1.4254150390625,28.512956517904637,0
f241dac4-644d-47f1-9b40-58f3adbeb395_delivery_3,56,12.12970388940969,33.29437629884933,33.29437629884933,40.57804636206084,19.157634293527973,40.57804636206084,-19.984711115466773,-55.233515849687485,71.84311902004549,179.16377182720913,11.403045654296875,15.18536376953125,33.29437629884933,19.157634293527973,179.16377182720913,22.360193344920976,166.703890086385,174.59006082789335,7.8861707415083515,-98.64308737407279,1.2498343067760231,11.972693604454589,17.028705621223445,17.028705621223445,191.4378204345703,331.7882614135742,12.433486113067769,166.703890086385,174.59006082789335,14.789770889149354,21.50821318326354,21.50821318326354,7.8174470273989645,12.25177513038417,12.25177513038417,176.42200013661346,177.50237680373058,177.50237680373058,176.42200013661346,14.193628754138874,29.802870832941824,29.802870832941824,39.890877939597885,39.890877939597885,33.24604260854515,34.643359157502424,154.48782292244817,10.691788058254488,17.601539401557968,-0.6548614501953125,19.543738823900217,0
f241dac4-644d-47f1-9b40-58f3adbeb395_delivery_3,57,18.34201910101924,25.656035128058406,25.656035128058406,8.99190688586095,36.070311206707,36.070311206707,-17.48933218698352,-53.309883954233584,66.5194899668199,178.15646934769217,10.4991455078125,14.199737548828125,25.656035128058406,36.070311206707,178.15646934769217,20.606558222232437,167.0182211706714,174.6975049772403,7.67928380656889,-98.35087138176812,0.3143310842864082,10.177118452406717,24.401958559342322,24.401958559342322,190.91635131835938,331.59716796875,16.661394582535483,167.0182211706714,174.6975049772403,13.016676339431166,17.272348136013733,17.272348136013733,3.225550208296631,13.69878784630656,13.69878784630656,175.5583648298069,177.6550913156152,177.6550913156152,175.5583648298069,12.429079053519326,23.490531220134084,23.490531220134084,38.41050144680022,38.41050144680022,33.906767540502656,33.60940894333171,154.93299839218037,19.282935961547825,23.611327744543978,-0.6632843017578125,17.23102684475801,0
f241dac4-644d-47f1-9b40-58f3adbeb395_delivery_3,58,6.908397596597061,24.0728645037424,24.0728645037424,0.18774171239822873,33.98877729890854,33.98877729890854,-16.493666642618503,-50.831780725778856,64.9327139603753,179.29788505274388,10.370697021484375,13.73284912109375,24.0728645037424,33.98877729890854,179.29788505274388,15.527663822180791,167.45605211187137,175.01707121146327,7.561019099591903,-98.27280067457262,0.43783094119996235,7.487951730364097,20.520250091074416,20.520250091074416,190.54185485839844,331.44276428222656,12.152336698831704,167.45605211187137,175.01707121146327,12.41012805882837,7.853890218970246,12.41012805882837,9.750081705590086,6.740877190476138,9.750081705590086,174.9010606789134,178.0552258142728,178.0552258142728,174.9010606789134,6.776236485236293,16.71974973566693,16.71974973566693,44.57137404477591,44.57137404477591,37.050024438608176,37.2469605774197,157.44499555315326,14.098027679849062,25.80893309069734,-0.0621490478515625,12.784745527321066,0
f241dac4-644d-47f1-9b40-58f3adbeb395_delivery_3,59,9.813933558020121,36.208866416627494,36.208866416627494,3.7756348766249186,42.462288132107275,42.462288132107275,-16.04778806773544,-34.77935298436823,67.42782283905571,161.91334382055206,10.562103271484375,13.857086181640625,36.208866416627494,42.462288132107275,161.91334382055206,20.829871875377517,168.20464219039508,175.5023877757265,7.297745585331427,-98.9074980320681,0.748590078523705,15.481457157746489,17.237051111138793,17.237051111138793,190.20627212524414,331.38494873046875,10.21579991653769,168.20464219039508,175.5023877757265,10.582127198785509,8.713449728772261,10.582127198785509,11.761977041981758,3.667818387822222,11.761977041981758,174.40228937258956,177.37243370449306,177.37243370449306,174.40228937258956,3.1620740271495835,6.234129098429225,6.234129098429225,15.62453097891204,15.62453097891204,11.358227049346517,14.454412600311969,160.2846974034707,8.095539406856945,19.484985274346553,0.2750701904296875,14.091733894600473,0
f241dac4-644d-47f1-9b40-58f3adbeb395_delivery_3,60,18.558549280842,12.64265702207679,18.558549280842,2.7323938115064657,25.235961164917967,25.235961164917967,-16.59309033198468,-30.074937773036122,71.19400131003228,152.99099843848924,11.30230712890625,14.055694580078125,12.64265702207679,25.235961164917967,152.99099843848924,12.121494241188374,169.07633427782497,176.21710193709126,7.140767659266288,-99.17457120888974,0.8716920874298921,5.842933397639453,7.716470770147569,7.716470770147569,190.09383392333984,331.3976135253906,3.3944766386139884,169.07633427782497,176.21710193709126,4.10844157862517,8.666373566591922,8.666373566591922,15.000117597640521,9.027338899145223,15.000117597640521,174.88917950100807,176.86827531717182,176.86827531717182,174.88917950100807,2.695500636790874,3.14162697750646,3.14162697750646,6.707967650945407,6.707967650945407,4.5205233404297065,4.887198864555263,162.13695456307408,2.7387120218235794,8.360541615455306,0.4644927978515625,9.614030391952536,0
f241dac4-644d-47f1-9b40-58f3adbeb395_delivery_3,61,18.158490679994546,11.299191937239714,18.158490679994546,7.831312209582087,13.317860705601516,13.317860705601516,-17.00960238458101,-26.57083078069002,72.86604752578039,148.2054183651281,11.734100341796875,14.1072998046875,11.299191937239714,13.317860705601516,148.2054183651281,10.281601036581057,169.43025804918867,176.4290269647004,6.998768915511732,-99.49471547782488,0.35392377136369646,3.9142849896063625,7.168465697462109,7.168465697462109,190.13671875,331.2400436401367,4.899044742288107,169.43025804918867,176.4290269647004,6.4204924785080575,5.165174702904265,6.4204924785080575,14.35860129403587,8.186775241473153,14.35860129403587,174.62597570603646,176.92412388874055,176.92412388874055,174.62597570603646,6.724554572157702,5.779332275014701,6.724554572157702,12.261650913156602,12.261650913156602,10.125463606316908,7.685448000331264,163.86869479884007,3.83880778994299,13.625572770278321,0.4037933349609375,9.027044731965008,0
f241dac4-644d-47f1-9b40-58f3adbeb395_delivery_3,62,28.74046737171069,24.95747211823764,28.74046737171069,11.176122144868648,1.7713450237170192,11.176122144868648,-18.420571543880857,-25.701187286435133,74.65851318842381,146.3888187667776,12.548980712890625,14.86505126953125,24.95747211823764,1.7713450237170192,146.3888187667776,12.245890346475726,169.43517571139182,176.35425972551016,6.91908401411834,-99.41987792868917,0.00491766220315526,5.723158943259667,1.1067764770607011,5.723158943259667,190.18491744995117,331.1438217163086,3.2285594267338067,169.43517571139182,176.35425972551016,10.53355349218474,4.490904355269578,10.53355349218474,21.940464107615302,6.6278641400876595,21.940464107615302,174.80729957852728,176.73923650999978,176.73923650999978,174.80729957852728,5.343138077013121,4.2631405666663005,5.343138077013121,9.805386924873345,9.805386924873345,9.63336326989346,5.348611998521899,164.5304396010246,3.431149884037533,3.9889775630652795,0.8322296142578125,10.556200568140921,0
f241dac4-644d-47f1-9b40-58f3adbeb395_delivery_3,63,6.365269813895443,45.423426607977824,45.423426607977824,18.027993570340026,17.379460757030262,18.027993570340026,-21.48164948989864,-33.93879522930882,77.94433322618185,155.78185298298527,12.89276123046875,16.5264892578125,45.423426607977824,17.379460757030262,155.78185298298527,18.154155540967626,168.45705620277278,175.5060561607004,7.048999957927634,-99.08109569312323,-0.9781195086190451,6.728432444430627,15.000350052131571,15.000350052131571,190.25974655151367,331.2892074584961,4.905381496362443,168.45705620277278,175.5060561607004,14.541101557911315,7.2786680942301905,14.541101557911315,19.627461406923338,0.1565658833372287,19.627461406923338,175.20486772699869,177.74286669498488,177.74286669498488,175.20486772699869,3.585311948451731,2.2652487452673338,3.585311948451731,33.5785578874666,33.5785578874666,25.30275079284218,24.497055499369093,161.2824187177762,6.759898686814668,20.863685863988383,0.701171875,13.03160757349391,0
f241dac4-644d-47f1-9b40-58f3adbeb395_delivery_3,64,38.99720577571538,55.293089298420405,55.293089298420405,45.596616111441925,25.298155488450977,45.596616111441925,-27.786633425473457,-43.26904181160298,89.0860564606003,164.69216345559173,14.2369384765625,18.53466796875,55.293089298420405,25.298155488450977,164.69216345559173,31.598525013025704,167.46525459732743,174.96230564581356,7.497051048486128,-98.5268291798298,-0.991801605445346,4.8661554056061584,19.539927998519364,19.539927998519364,190.4581527709961,331.3604431152344,6.324206831549477,167.46525459732743,174.96230564581356,4.36527815419204,3.910640648082492,4.36527815419204,17.851716329534714,6.298787954113635,17.851716329534714,176.8442907324912,177.44673539346059,177.44673539346059,176.8442907324912,3.741651299637842,4.7470809872249635,4.7470809872249635,6.981590816752015,6.981590816752015,9.249725672803775,9.179550389270293,158.74067517671332,7.715722059701699,17.735805537801838,1.501251220703125,19.208858787578325,0
f241dac4-644d-47f1-9b40-58f3adbeb395_delivery_3,65,27.416950193952157,44.933306831910684,44.933306831910684,37.46574844350724,13.853519960970425,37.46574844350724,-32.70504424644637,-50.35159875181829,97.81277130792887,171.31876821378268,15.038360595703125,20.2996826171875,44.933306831910684,13.853519960970425,171.31876821378268,23.976531043349343,166.38109627441952,174.21576962838108,7.834673353961563,-98.21689777001207,-1.0841583229079106,4.049572966872743,16.140087862882815,16.140087862882815,190.62828063964844,331.4532165527344,5.813377861276521,166.38109627441952,174.21576962838108,8.412302073959015,5.859732759997797,8.412302073959015,11.878818303756088,1.8918129810688948,11.878818303756088,178.01323603762836,177.57188186778086,177.57188186778086,178.01323603762836,2.43708258674654,4.642465227465118,4.642465227465118,20.356076261327722,20.356076261327722,17.76765895600041,19.50092619141496,156.95218330739715,11.816379749055576,19.326981724622446,1.0832366943359375,14.915116682757457,0
f241dac4-644d-47f1-9b40-58f3adbeb395_delivery_3,66,7.017071032298151,42.934492371272675,42.934492371272675,28.474968362268708,39.42962809254787,39.42962809254787,-36.968949861339496,-56.95332091196621,105.1158199684457,177.49746589909714,14.9296875,21.88885498046875,42.934492371272675,39.42962809254787,177.49746589909714,22.15429256778455,165.94859114897278,173.74508276407647,7.79649161510369,-98.18599838888619,-0.43250512544673825,4.94277009876826,10.12682544955163,10.12682544955163,190.8341941833496,331.55052947998047,6.832508613964578,165.94859114897278,173.74508276407647,16.423545531738103,5.4953762940420745,16.423545531738103,10.803667075504235,1.9627117495380455,10.803667075504235,179.88828378363166,177.12616253951126,177.12616253951126,179.88828378363166,5.663688425339445,6.936586508141275,6.936586508141275,23.264865410185326,23.264865410185326,18.303243132187106,22.128631240456535,153.89615064680436,7.903146193962085,20.286269287343906,0.6159210205078125,15.017610915917539,0
f241dac4-644d-47f1-9b40-58f3adbeb395_delivery_3,67,13.122159017645023,25.66860420068611,25.66860420068611,39.58523945718074,22.56617708902433,39.58523945718074,-42.59399866849442,-64.16036012744595,117.32023217937774,175.50708111786707,14.485198974609375,22.65924072265625,25.66860420068611,22.56617708902433,175.50708111786707,19.100266850280093,165.3789715541274,173.31364287069317,7.934671316565783,-98.42429031889978,-0.5696195948453919,3.9520137624650054,9.707407574679358,9.707407574679358,191.11881256103516,331.6112976074219,8.730999232973215,165.3789715541274,173.31364287069317,13.599542036941683,9.828230564139153,13.599542036941683,1.4696666477195455,7.6423003407378705,7.6423003407378705,178.50184342827654,177.63015512737232,177.63015512737232,178.50184342827654,9.549869024996424,12.072180535728345,12.072180535728345,17.87320695952744,17.87320695952744,13.914879360991907,16.443742612158935,152.01003988696942,5.419798482315087,10.883631647339877,0.1156463623046875,14.063615854328631,0
f241dac4-644d-47f1-9b40-58f3adbeb395_delivery_3,68,12.401199622208356,18.610850027908008,18.610850027908008,37.5133757690038,14.570177364617564,37.5133757690038,-47.18451065012668,-67.58991021118342,128.90677619989066,171.50662666808336,14.69427490234375,22.28076171875,18.610850027908008,14.570177364617564,171.50662666808336,15.781953222901246,166.1736342061508,173.60340066762873,7.429766461477925,-99.28781144525678,0.794662652023419,9.048937133095007,2.5471794205747353,9.048937133095007,191.27905654907227,331.6930618286133,5.39695944140467,166.1736342061508,173.60340066762873,11.787150911512411,1.7786717169783326,11.787150911512411,3.8077353463791654,8.15333320868182,8.15333320868182,177.8166122324219,175.8172183782982,175.8172183782982,177.8166122324219,11.069328083461269,13.390595015735117,13.390595015735117,16.42565825631182,16.42565825631182,15.607674485928575,13.510783974879653,153.0843144108649,9.415217324808726,8.71965126986001,-0.1626129150390625,12.056544468346297,0
f241dac4-644d-47f1-9b40-58f3adbeb395_delivery_3,69,57.26931717810948,40.09901322505364,57.26931717810948,31.079577413123975,23.152942889886788,31.079577413123975,-47.558493948432606,-70.80259748461845,126.45401812664878,168.1003471928635,13.237701416015625,21.57159423828125,40.09901322505364,23.152942889886788,168.1003471928635,29.22097370335332,166.3163480312902,173.40905501169087,7.0927069804006635,-99.88205881622352,0.14271382513939557,12.622253601101075,11.102737912844944,12.622253601101075,191.54146575927734,331.9685287475586,11.413437489657031,166.3163480312902,173.40905501169087,9.429683333896136,3.0423800158458736,9.429683333896136,9.648348504063362,3.805145096138109,9.648348504063362,177.58457948688115,175.19425471933977,175.19425471933977,177.58457948688115,14.645671437889556,12.422454276163407,14.645671437889556,18.381625067109294,18.381625067109294,18.83047380391234,15.123690278050258,153.62286324946942,13.965551159187457,8.482176509528026,-1.44921875,19.026627073676362,0
f241dac4-644d-47f1-9b40-58f3adbeb395_delivery_3,70,110.69514212047766,65.44422826464245,110.69514212047766,157.66579686815982,70.3187117812922,157.66579686815982,-52.36425300155887,-77.59792798686993,143.71594903035415,168.3664743086493,12.344024658203125,19.12750244140625,65.44422826464245,70.3187117812922,168.3664743086493,95.2899273176621,165.33519786286658,172.41594609734983,7.080748234483252,-99.55374237358724,-0.9811501684236248,64.43473583876813,103.18094903263241,103.18094903263241,192.15041732788086,332.1081085205078,18.74230704393442,165.33519786286658,172.41594609734983,52.56625523312173,59.325400426935126,59.325400426935126,42.64582739408701,44.47391430013997,44.47391430013997,178.99399748786445,175.3732776326666,175.3732776326666,178.99399748786445,42.365510306141886,72.27756869231567,72.27756869231567,129.51286031692794,129.51286031692794,113.55704036436336,137.94423266856913,150.8887707585044,32.923531168928946,119.78860794033197,-1.8917999267578125,73.78283668822617,0
f241dac4-644d-47f1-9b40-58f3adbeb395_delivery_3,71,49.135089011496056,112.37479897175605,112.37479897175605,46.59049577101642,98.65471790518359,98.65471790518359,-54.14698917107933,-90.76117708270012,144.6850437891818,156.2930221759216,11.20355224609375,16.1661376953125,112.37479897175605,98.65471790518359,156.2930221759216,56.26439344160656,163.97070496617727,171.93107039004408,7.9603654238668184,-99.411821506853,-1.3644928966893133,11.848451436295049,18.982807553892208,18.982807553892208,192.44828033447266,332.3514175415039,11.538175131041484,163.97070496617727,171.93107039004408,14.060895507890796,8.271686002318583,14.060895507890796,10.577062400247469,1.8388954136121003,10.577062400247469,179.59352055176885,175.31756630350208,175.31756630350208,179.59352055176885,5.5297103523095865,10.549500545888927,10.549500545888927,2.753579039106592,2.753579039106592,3.8251819567755194,6.83753001872923,152.84427259496007,19.500371709361943,22.37257548601138,-2.4180908203125,32.3678425726589,0
f241dac4-644d-47f1-9b40-58f3adbeb395_delivery_3,72,89.54441164447947,110.57913266142657,110.57913266142657,105.74882488694809,72.68950322418492,105.74882488694809,-66.98168256760724,-140.0250347012018,155.28170342544303,110.02807261533115,10.42510986328125,12.90411376953125,110.57913266142657,72.68950322418492,110.02807261533115,74.02243084214172,164.91965234230702,172.5610986189893,7.641446276682274,-98.46626086685795,0.9489473761297518,21.99115781518461,43.58155482062664,43.58155482062664,192.86579513549805,332.6397399902344,15.221813267987645,164.91965234230702,172.5610986189893,23.19065989645798,6.614238003205898,23.19065989645798,15.364599659356777,11.176403872484036,15.364599659356777,178.18505991044364,174.01138356237848,174.01138356237848,178.18505991044364,13.665797811553524,20.042756246314926,20.042756246314926,24.40409220624555,24.40409220624555,24.98196592534439,39.72375730351817,151.27665023647987,26.789989068059718,64.92167829791889,-2.4579315185546875,44.51575337851862,0
f241dac4-644d-47f1-9b40-58f3adbeb395_delivery_3,73,159.26866592282744,74.16957995544362,159.26866592282744,141.19283539617263,39.854981100860236,141.19283539617263,-163.04872778660894,-154.7369094326657,110.61914214414877,107.76510489463668,7.477325439453125,11.177703857421875,74.16957995544362,39.854981100860236,107.76510489463668,90.86411440618166,175.2173237589199,178.52596326243676,3.308639503516872,-97.04970846170214,10.297671416612872,40.61262601520561,90.08599804658044,90.08599804658044,193.57027053833008,332.68992614746094,21.187822427405553,175.2173237589199,178.52596326243676,38.94035801537115,29.70369489898224,38.94035801537115,29.016015804898966,22.03326535011123,29.016015804898966,176.71073783583577,173.68369764679164,173.68369764679164,176.71073783583577,30.134035951843128,49.831518855656064,49.831518855656064,14.689434386543066,14.689434386543066,14.529310200794466,10.319961400741303,130.82948658427514,13.036640415972448,72.16813019904143,-2.537017822265625,62.070297942829406,0
f241dac4-644d-47f1-9b40-58f3adbeb395_delivery_3,74,129.70746606645622,149.4742853398056,149.4742853398056,61.421644775801724,110.45172834422715,110.45172834422715,169.74643111368923,165.03298412563154,100.47617112913315,71.57585091946801,6.81439208984375,6.552520751953125,149.4742853398056,110.45172834422715,71.57585091946801,83.30760923407279,166.31166617004186,175.64364321733422,9.331977047292355,-95.97378637880811,-8.905657588878029,14.368340210310304,34.42219066783571,34.42219066783571,193.99024200439453,332.59777069091797,12.89890671456586,166.31166617004186,175.64364321733422,11.374738277087577,10.516605053253826,11.374738277087577,3.512803017982959,4.259889308335459,4.259889308335459,175.4979530589214,173.90363363548386,173.90363363548386,175.4979530589214,6.08645058706028,13.093334246165512,13.093334246165512,21.399995810809685,21.399995810809685,18.631351274198632,24.140565730920272,92.06372852025,20.7472097097469,37.878595636352514,-2.5312957763671875,45.72412299119352,0
f241dac4-644d-47f1-9b40-58f3adbeb395_delivery_3,75,58.07923838395956,235.43832114465656,235.43832114465656,69.81287882577037,142.96373781985437,142.96373781985437,172.92060546066014,143.5610587226825,132.79806743151633,37.344177221702836,4.995574951171875,0.00579833984375,235.43832114465656,142.96373781985437,37.344177221702836,111.79876404081693,164.7747029352427,174.84372063889833,10.069017703655646,-95.74190419356856,-1.536963234799174,76.23166009643113,88.26674797422959,88.26674797422959,193.78935623168945,332.8044738769531,8.647148126010137,164.7747029352427,174.84372063889833,53.967817889338605,59.180926318822976,59.180926318822976,41.230019828580986,33.17147167125023,41.230019828580986,176.94104580914367,172.07280464268445,172.07280464268445,176.94104580914367,47.45280731510003,64.22713948663937,64.22713948663937,110.55350983872734,110.55350983872734,91.18004989625548,115.80873672011333,147.23409367652974,6.423025302949916,92.84897616365248,-4.430328369140625,80.83523056288617,0
f241dac4-644d-47f1-9b40-58f3adbeb395_delivery_3,76,134.2798987769749,95.82691306172147,134.2798987769749,71.31087533375299,30.041725841835518,71.31087533375299,153.22803615548497,139.05045824750712,127.27655727240618,2.768448437522796,1.306915283203125,-3.060821533203125,95.82691306172147,30.041725841835518,2.768448437522796,57.81673679615057,165.7762229867617,175.27621264358723,9.499989656825534,-94.8599424317071,1.0015200515190088,9.40472295500004,6.036284807618536,9.40472295500004,193.80205154418945,332.76358795166016,1.2843468619813692,165.7762229867617,175.27621264358723,2.3670295524543863,3.0959537213639257,3.0959537213639257,2.8021114310029627,5.480893525518203,5.480893525518203,177.5541252725289,172.223171125874,172.223171125874,177.5541252725289,5.917542502424904,8.908105060196117,8.908105060196117,26.499324092298107,26.499324092298107,27.091945853355526,18.548903670573367,149.9152062857699,21.575755022860363,3.7698751654649802,-3.4073638916015625,31.28933804748866,0
f241dac4-644d-47f1-9b40-58f3adbeb395_delivery_3,77,154.85123898733775,149.18914389881007,154.85123898733775,73.88303723104569,85.97867108716142,85.97867108716142,131.79672364346047,123.26097258853439,128.76643038564154,50.28543992183778,-3.970489501953125,-7.080230712890625,149.18914389881007,85.97867108716142,50.28543992183778,86.65067731262495,163.56342920932929,173.79858094106203,10.235151731732742,-94.64850323750663,-2.2127937774324096,19.34465753559448,36.657315135800225,36.657315135800225,193.57307815551758,332.97237396240234,9.296148121741957,163.56342920932929,173.79858094106203,14.9336416390981,10.641799888021259,14.9336416390981,10.467560331559953,6.412960412647264,10.467560331559953,178.4830103887339,172.59103807577054,172.59103807577054,178.4830103887339,7.045789899208159,25.52705520351517,25.52705520351517,2.0017366815654474,2.0017366815654474,8.281647824738654,16.847736468125255,153.4953642122107,15.187629103111856,44.67812370693481,-4.9640045166015625,49.577739270816636,0
f241dac4-644d-47f1-9b40-58f3adbeb395_delivery_3,78,147.81402448244873,255.55493139996176,255.55493139996176,104.85120491481835,199.08839886914183,199.08839886914183,109.60201098540256,104.7979504799704,122.62808906114562,95.90095478038589,-9.289459228515625,-14.119781494140625,255.55493139996176,199.08839886914183,95.90095478038589,140.43828603587937,159.44423795110816,171.0889641775991,11.644726226490945,-94.48948965314888,-4.119191258221122,54.04107345040582,81.28008309849962,81.28008309849962,193.18225860595703,333.17955017089844,13.270105934655273,159.44423795110816,171.0889641775991,28.997489309654497,35.61971742413522,35.61971742413522,21.52402026597774,10.133706259161725,21.52402026597774,179.35477269277644,171.71290884492146,171.71290884492146,179.35477269277644,26.416849197678868,53.41866904332324,53.41866904332324,15.056582689514016,15.056582689514016,20.724017769172836,10.855445125000934,155.97030898534504,31.656680805098873,63.267377134101665,-6.491607666015625,84.8950139762673,0
f241dac4-644d-47f1-9b40-58f3adbeb395_delivery_3,79,178.81709003758365,181.12112828468133,181.12112828468133,109.53667951791437,61.856273228866115,109.53667951791437,95.04309085076244,98.23059326167505,116.59350663348283,145.38929730948502,-12.364349365234375,-19.7061767578125,181.12112828468133,61.856273228866115,145.38929730948502,96.19591822104105,161.49115587551898,171.95648534361905,10.465329468100066,-94.52345756808074,2.0469179244108204,23.84846154494677,21.995876712254173,23.84846154494677,193.0539321899414,333.3324890136719,5.989337426515903,161.49115587551898,171.95648534361905,10.404096279033022,23.29251682643789,23.29251682643789,9.356970601794226,6.039568528864708,9.356970601794226,178.40461103691715,168.9980379704918,168.9980379704918,178.40461103691715,7.055610908981268,15.157996260957077,15.157996260957077,12.236077750583124,12.236077750583124,16.471000339957165,8.595272086555921,158.0905411756432,10.079557946266513,21.27509163162089,-4.8899688720703125,54.04018906102623,0
f241dac4-644d-47f1-9b40-58f3adbeb395_delivery_3,80,249.01574681186997,67.73174028321239,249.01574681186997,118.22285613700572,35.56799612368554,118.22285613700572,84.76823962667733,96.36076048833547,135.4798519988729,152.42847351991466,-18.65771484375,-21.89373779296875,67.73174028321239,35.56799612368554,152.42847351991466,81.51566448856543,162.9805701116267,172.39640533063687,9.415835219010177,-94.09160547044168,1.4894142361077058,16.62472460356097,1.9309229720579761,16.62472460356097,193.14331817626953,333.5242004394531,6.345771252908375,162.9805701116267,172.39640533063687,12.90725249012013,5.24172913925238,12.90725249012013,5.639302150201373,4.626206413439027,5.639302150201373,176.82730074093953,168.1495642514795,168.1495642514795,176.82730074093953,5.7595107911336365,3.283519417750514,5.7595107911336365,13.120238917942743,13.120238917942743,15.091978972871635,12.452303610585687,158.7910021927229,11.866188231733656,6.3468246868948235,-4.474609375,43.879292277774134,0
f241dac4-644d-47f1-9b40-58f3adbeb395_delivery_3,81,161.05865482679027,175.8792003478748,175.8792003478748,75.54600584031664,62.83024715111625,75.54600584031664,79.45694426912135,93.6057805799592,147.0560434719377,174.70146430457368,-22.3394775390625,-27.127410888671875,175.8792003478748,62.83024715111625,174.70146430457368,83.63960747498372,163.83635579645522,172.77511382180535,8.938758025350126,-94.35614743658525,0.8557856848285326,14.87213866894875,11.651398014855603,14.87213866894875,193.20972061157227,333.8894729614258,11.13777216727648,163.83635579645522,172.77511382180535,2.6232071228955753,5.101983129067602,5.101983129067602,8.320116507545563,7.9467651217669895,8.320116507545563,176.23150636061854,166.51638097312215,166.51638097312215,176.23150636061854,13.28594635577099,10.13433836401882,13.28594635577099,5.509276620316604,5.509276620316604,5.042681060137559,7.050278010333654,159.65271688261362,3.9728761333615124,7.664288587472679,-4.8280487060546875,45.77083345424732,0
f241dac4-644d-47f1-9b40-58f3adbeb395_delivery_3,82,138.80501779737224,99.10539210795423,138.80501779737224,41.217151889965415,4.818398165556341,41.217151889965415,76.29758571745319,93.35402023195785,161.700063555231,175.74021796224966,-24.8658447265625,-30.0546875,99.10539210795423,4.818398165556341,175.74021796224966,50.67995932483742,165.87976506761706,173.71534303369717,7.835577966080109,-94.25758050539127,2.043409271161835,9.0521618282405,11.081634159935744,11.081634159935744,193.08550643920898,333.89833068847656,3.735887839585254,165.87976506761706,173.71534303369717,2.731499458467789,2.018271048429169,2.731499458467789,3.7357744089782168,3.70610229552076,3.7357744089782168,176.58828849229823,166.44812855584786,166.44812855584786,176.58828849229823,7.419344980589998,3.09087631211014,7.419344980589998,4.229271900391822,4.229271900391822,2.5491755758438335,3.2377587944969046,161.23790990437402,1.4194294867441384,9.951460323374079,-2.6920928955078125,27.231802037760037,0
f241dac4-644d-47f1-9b40-58f3adbeb395_delivery_3,83,79.85119212604286,23.410587987514234,79.85119212604286,19.036428318715384,16.51146894694776,19.036428318715384,73.86674883825258,92.44529364639814,170.04138742925002,177.55098853786086,-25.31744384765625,-31.02593994140625,23.410587987514234,16.51146894694776,177.55098853786086,26.726217045745813,167.95651750304393,174.33949531852716,6.38297781548323,-94.34015458771817,2.0767524354268687,5.403805122364033,16.143819772890634,16.143819772890634,192.9531364440918,333.76744079589844,5.584673815702544,167.95651750304393,174.33949531852716,10.954056692401354,5.821885260081119,10.954056692401354,25.89328165969616,16.58414989549334,25.89328165969616,176.45691528651207,166.12558994192534,166.12558994192534,176.45691528651207,3.4424950601660744,4.925147760878501,4.925147760878501,6.856939344519844,6.856939344519844,4.381759872864531,6.373902419215386,163.06995832925472,2.382036286897986,11.864014712978411,-0.5189361572265625,18.998193216932624,0
f241dac4-644d-47f1-9b40-58f3adbeb395_delivery_3,84,136.88072170049426,58.684836977629466,136.88072170049426,36.33149815384786,40.23043208599086,40.23043208599086,73.33178940270436,91.18689189964051,172.20652117787094,177.1669731043227,-29.56842041015625,-29.891571044921875,58.684836977629466,40.23043208599086,177.1669731043227,49.02019645312203,170.2241495710378,175.3597382651517,5.135588694113892,-93.50736734319595,2.2676320679938726,1.881616288586641,20.112073512183073,20.112073512183073,192.84440994262695,333.74298095703125,3.3433160566081845,170.2241495710378,175.3597382651517,9.592857761239621,13.755970445721003,13.755970445721003,6.180707467864452,8.393004297016343,8.393004297016343,178.93893141467996,167.67626213356266,167.67626213356266,178.93893141467996,15.171630162308622,8.044438810737551,15.171630162308622,6.09202021109617,6.09202021109617,6.422969580171154,2.8443336470828573,163.92289432876848,3.2375792563846457,12.72866262843008,-1.263671875,29.604982305301643,0
f241dac4-644d-47f1-9b40-58f3adbeb395_delivery_3,85,43.0001007012905,63.28518974437996,63.28518974437996,11.466178381764138,34.09419853113891,34.09419853113891,71.86240251284919,89.74235308737086,174.90274081940825,176.7072951046263,-29.717010498046875,-28.52447509765625,63.28518974437996,34.09419853113891,176.7072951046263,28.989064520238546,171.98707777104443,176.0288722122556,4.041794441211181,-93.25071578626469,1.7629282000066269,3.929694630747216,18.159025132110564,18.159025132110564,192.74896240234375,333.37957763671875,11.2718669946126,171.98707777104443,176.0288722122556,9.21292296743185,8.875654250666253,9.21292296743185,11.350662491656834,19.47249934268128,19.47249934268128,179.80123386259166,167.3226218693188,167.3226218693188,179.80123386259166,12.201001261059728,14.255066539446466,14.255066539446466,2.9541791952982375,2.9541791952982375,1.0733374101293458,4.485394202938504,165.55138312562116,0.7858323772991113,11.409276338713335,0.9369659423828125,20.775182831197807,0
f241dac4-644d-47f1-9b40-58f3adbeb395_delivery_3,86,56.53851505142723,87.52854804128111,87.52854804128111,11.90729794996686,39.40829605509266,39.40829605509266,70.17873866479266,88.62119905997777,178.8324577960838,176.42987473046642,-29.634796142578125,-26.22076416015625,87.52854804128111,39.40829605509266,176.42987473046642,36.03873808456586,173.35283992310514,176.44044208214532,3.0876021590401876,-92.4393404319826,1.3657621520607108,2.847791768605231,18.00197964102208,18.00197964102208,192.68668746948242,333.0477600097656,10.128326334479826,173.35283992310514,176.44044208214532,9.806834210048482,6.139745637258666,9.806834210048482,6.8642185841366254,25.2591200256935,25.2591200256935,179.72909079886935,166.48087866158644,166.48087866158644,179.72909079886935,17.796876503879027,14.532515370742102,17.796876503879027,2.8880122497500977,2.8880122497500977,4.507112845844192,7.267279720113416,167.0837364401321,7.786193960151379,14.305862851532154,1.428619384765625,24.719311569929463,0
f241dac4-644d-47f1-9b40-58f3adbeb395_delivery_3,87,39.190145629795275,54.49233462713745,54.49233462713745,20.74119735229513,35.86563705774652,35.86563705774652,68.97080650689351,87.34639553296456,179.95637360708707,174.4354088404998,-28.816864013671875,-25.02069091796875,54.49233462713745,35.86563705774652,174.4354088404998,29.73610039932775,174.15711309249087,177.0041474030652,2.8470343105743154,-92.01373392976336,0.8042731693857377,6.28320127820067,21.844086450791437,21.844086450791437,192.95733642578125,332.7199935913086,12.752000405913389,174.15711309249087,177.0041474030652,14.788284604638077,15.265793915974916,15.265793915974916,10.069976190273815,34.68693561090778,34.68693561090778,178.5378401697355,163.8810217804949,163.8810217804949,178.5378401697355,9.594299758270749,16.61757160100645,16.61757160100645,2.824941920452482,2.824941920452482,3.646374419980382,7.996278045845451,168.44643708513124,9.625875619216036,17.56897545158925,1.2855377197265625,23.286622006419858,0
f241dac4-644d-47f1-9b40-58f3adbeb395_delivery_3,88,41.463623405411845,38.28163176736669,41.463623405411845,21.579640748578615,33.496172667499366,33.496172667499366,67.50287523489395,86.40045075471691,178.90601756467083,170.92952986855144,-27.851776123046875,-24.219970703125,38.28163176736669,33.496172667499366,170.92952986855144,27.67822063996905,175.12863266652406,178.33472151580463,3.206088849280576,-91.2374156382632,0.9715195740331808,6.789145472999533,24.459109777958247,24.459109777958247,193.25282669067383,332.57271575927734,9.904783228758717,175.12863266652406,178.33472151580463,12.32433801255504,12.832855890505616,12.832855890505616,28.063920622513265,38.006593258552776,38.006593258552776,177.26546225137625,161.80819406773603,161.80819406773603,177.26546225137625,3.330767118375953,12.059359569254253,12.059359569254253,2.7913057938571613,2.7913057938571613,4.955753570955264,7.012323297668706,169.50821376331547,10.55487532968253,19.868647374850962,1.0561065673828125,22.7239298592976,0
f241dac4-644d-47f1-9b40-58f3adbeb395_delivery_3,89,51.95929753144237,49.053870012010925,51.95929753144237,27.652212768604983,27.578790105942847,27.652212768604983,64.42291977052655,85.56569088313577,178.78305164662112,169.15672350050252,-27.03302001953125,-22.957489013671875,49.053870012010925,27.578790105942847,169.15672350050252,29.344044684799652,176.61617876698918,179.6648092060381,3.0486304390489067,-90.8725206870429,1.4875461004651243,5.350816791763516,14.469280899033233,14.469280899033233,193.4228057861328,332.4336471557617,6.588601705912763,176.61617876698918,179.6648092060381,13.067558081711327,18.514817558259423,18.514817558259423,17.35849632163154,46.907469563518596,46.907469563518596,175.06977193068371,160.19570995417314,160.19570995417314,175.06977193068371,3.2199320549684236,11.33949328524702,11.33949328524702,1.941129133145655,1.941129133145655,4.906933469702302,6.308866508244491,171.231591486046,10.290221739198534,15.362720099802754,1.129608154296875,23.87266958117785,0
f241dac4-644d-47f1-9b40-58f3adbeb395_delivery_3,90,59.630398594186524,47.143600445077695,59.630398594186524,31.781844791953635,28.31727851696918,31.781844791953635,61.166240588157564,84.33026400483892,179.88593684027623,166.19562857868294,-25.156829833984375,-21.71453857421875,47.143600445077695,28.31727851696918,166.19562857868294,30.634881118079317,177.64892919350308,-179.17508417010725,356.82401336361033,-90.59292067117853,1.0327504265138998,4.345774542832468,12.59038981745642,12.59038981745642,193.58923721313477,332.29298400878906,6.537353189872932,177.64892919350308,-179.17508417010725,4.729811257790939,20.17774829722323,20.17774829722323,16.735882120475544,36.28855571454551,36.28855571454551,174.1713581653307,159.67661453769966,159.67661453769966,174.1713581653307,1.897847551940468,9.457193270876576,9.457193270876576,5.30732527792554,5.30732527792554,8.08797795009751,8.832475079180956,173.0290442211065,11.400433079358004,15.086793625867141,1.687164306640625,22.758027076777353,0
f241dac4-644d-47f1-9b40-58f3adbeb395_delivery_3,91,58.4582372277178,16.943859514143423,58.4582372277178,32.43701800100412,23.73118975215138,32.43701800100412,57.81466126253634,82.78948303854979,178.09221842889218,164.44473807606556,-23.317962646484375,-21.819488525390625,16.943859514143423,23.73118975215138,164.44473807606556,24.277642120016424,178.5398981179552,-178.36084621518273,356.90074433313794,-90.53128811356629,0.8909689244521246,2.368320995715397,11.727227229366411,11.727227229366411,193.72016525268555,332.2127990722656,4.605930744951641,178.5398981179552,-178.36084621518273,9.966506228842945,23.232307023405504,23.232307023405504,17.85341695394251,37.40296128668333,37.40296128668333,172.85444634358905,160.03493621228864,160.03493621228864,172.85444634358905,2.523918767333732,6.891340281866269,6.891340281866269,5.516035834956786,5.516035834956786,8.62561121879186,9.909528744009258,176.1416958234483,11.222440903136425,12.74114129518241,1.0511474609375,20.2946919385144,0
f241dac4-644d-47f1-9b40-58f3adbeb395_delivery_3,92,48.78889116664884,9.20662782033635,48.78889116664884,30.52816776908857,13.954568684103833,30.52816776908857,54.00263562465657,81.444724148925,175.88249918060083,161.5187858530661,-21.830169677734375,-21.59075927734375,9.20662782033635,13.954568684103833,161.5187858530661,17.839838950364477,178.4554124881688,-178.09636277546326,356.55177526363207,-90.43951288523753,-0.08448562978639984,1.0856089146316792,3.4751693473775953,3.4751693473775953,193.74429321289062,332.29602813720703,2.5996753918923776,178.4554124881688,-178.09636277546326,14.168230067664002,29.375533000585264,29.375533000585264,21.128999384581178,37.98079910976208,37.98079910976208,172.6253335877768,161.48788671474668,161.48788671474668,172.6253335877768,6.8198399380049155,6.030805736091095,6.8198399380049155,19.50173994873318,19.50173994873318,21.41062733957201,15.623367794288672,177.36544043486228,14.401300067639141,3.8917439170273607,0.877197265625,18.545270078239614,0
f241dac4-644d-47f1-9b40-58f3adbeb395_delivery_3,93,24.562725761109512,23.210131317109102,24.562725761109512,16.243134995532376,11.456639224336895,16.243134995532376,51.93384894208698,80.48935779195689,174.82665274198663,160.63257318267844,-21.1474609375,-20.88861083984375,23.210131317109102,11.456639224336895,160.63257318267844,13.178178859032059,178.67732684188778,-178.1518915591045,356.8292184009923,-90.50515747600475,0.22191435371897228,0.9347746021885416,2.6616672539159216,2.6616672539159216,193.73942947387695,332.2762756347656,0.6102750026846802,178.67732684188778,-178.1518915591045,2.336883544921875,13.766638063783024,13.766638063783024,4.510427505395804,16.08382162418258,16.08382162418258,173.0053712234107,162.56638545282615,162.56638545282615,173.0053712234107,0.9593644335915084,0.37891579768352845,0.9593644335915084,11.020444160788037,11.020444160788037,11.987972206945468,9.375096603730299,178.39817352979222,7.81860385063939,2.2282350055897227,0.7158203125,9.75876034364589,0
f241dac4-644d-47f1-9b40-58f3adbeb395_delivery_3,94,48.19608080276179,7.227586720351624,48.19608080276179,19.62597126155633,6.974591018814976,19.62597126155633,50.49040023135274,79.39439272750592,173.0843354750231,160.27575178162223,-19.81842041015625,-21.03350830078125,7.227586720351624,6.974591018814976,160.27575178162223,15.168720064004367,178.41341618744124,-178.53551543339012,356.94893162083133,-90.65680848583314,-0.2639106544465335,5.147631463530169,3.840459117011299,5.147631463530169,193.7153205871582,332.2310333251953,1.5379513954173452,178.41341618744124,-178.53551543339012,4.722806281825603,9.872093660512098,9.872093660512098,2.9498433089668916,9.050294538054782,9.050294538054782,173.42552550397966,163.53271179633774,163.53271179633774,173.42552550397966,1.1897351806692456,2.102440920788122,2.102440920788122,14.629688347077277,14.629688347077277,15.847446173719318,11.166736899478169,179.30938052730616,8.885664536752822,1.9752617014600178,0.7243499755859375,10.074961189570244,0
